dgp,drift_z,logreg_logloss,mlp_excess_logloss,mlp_logloss,n_test_class1,n_train_class1,seed,trial,weighted_drift_score
linear_binary,0.0,0.6754514116495423,0.003646570798611748,0.679097982448154,249,1003,0,0,0.0637195474504317
linear_binary,0.0,0.6842659572175512,-0.0021699146309928086,0.6820960425865584,239,992,0,1,0.014995195559417258
linear_binary,0.0,0.6864995346147884,-0.004021181079194691,0.6824783535355937,267,991,0,2,0.04292417285833347
linear_binary,1.0,0.6586546157439398,0.006499012783610536,0.6651536285275503,286,1003,0,0,0.6731271768668703
linear_binary,1.0,0.6802766426770936,-0.002784542137035273,0.6774921005400584,277,992,0,1,0.7008745266981906
linear_binary,1.0,0.6606809717029936,-0.005047304901563687,0.6556336668014299,302,991,0,2,0.7755042051830702
linear_binary,2.0,0.6283336296722052,0.010739813360700734,0.6390734430329059,327,1003,0,0,1.3861261933602473
linear_binary,2.0,0.6547234479100816,0.0029151351492253674,0.657638583059307,316,992,0,1,1.4049520698467526
linear_binary,2.0,0.6238299199344133,-0.004199385429349722,0.6196305345050636,333,991,0,2,1.5080842375078067
linear_binary,3.0,0.5695739712156297,0.012667332016953692,0.5822413032325834,365,1003,0,0,2.0991252098536277
linear_binary,3.0,0.592326499968347,0.023304594229161757,0.6156310941975087,355,992,0,1,2.109029612995315
linear_binary,3.0,0.5672498752449642,-0.001242342843407962,0.5660075324015562,366,991,0,2,2.2406642698325396
linear_binary,5.0,0.43966721521586705,0.02876882567665623,0.4684360408925233,415,1003,0,0,3.525123242840393
linear_binary,5.0,0.4413967414517953,0.06921175042435967,0.510608491876155,416,992,0,1,3.517184699292438
linear_binary,5.0,0.4242460361733225,-0.0027710230041111394,0.4214750131692114,424,991,0,2,3.705824334482016
linear_binary,7.0,0.315955164000796,0.038127178085789026,0.354082342086585,451,1003,0,0,4.951121275827148
linear_binary,7.0,0.3218725326300119,0.10313855197946342,0.42501108460947534,449,992,0,1,4.925339785589562
linear_binary,7.0,0.2996617643586474,-0.002375352010926368,0.297286412347721,455,991,0,2,5.1709843991314886
linear_binary,10.0,0.1499339533791196,0.04819952200945504,0.19813347538857465,483,1003,0,0,7.0901183253072775
linear_binary,10.0,0.16712669875522315,0.1340077650476124,0.30113446380283554,480,992,0,1,7.0375724150352506
linear_binary,10.0,0.12474842332523203,-0.00291665110762708,0.12183177221760495,487,991,0,2,7.368724496105694
linear_binary,15.0,0.02676783848601831,0.03376771350492013,0.06053555199093844,498,1003,0,0,10.655113407774166
linear_binary,15.0,0.07502514263162645,0.10581438038100226,0.1808395230126287,493,992,0,1,10.557960130778055
linear_binary,15.0,0.038263841403290005,-0.00047792228855405433,0.03778591911473595,497,991,0,2,11.031624657729374
linear_binary,20.0,0.001910371574845948,0.018065166329079514,0.019975537903925464,500,1003,0,0,14.220108490241065
linear_binary,20.0,0.039943571966225715,0.06826229457648156,0.10820586654270727,497,992,0,1,14.078347846520847
linear_binary,20.0,0.0025668664715686614,-0.00014754368328695998,0.0024193227882817014,500,991,0,2,14.694524819353038
interaction_binary,0.0,0.6875055266528382,-0.04005087845691602,0.6474546481959221,240,1008,0,0,0.02311808915345168
interaction_binary,0.0,0.6886080040583428,-0.050551865654352546,0.6380561384039902,235,1012,0,1,0.032866093158522756
interaction_binary,0.0,0.6811987112398202,-0.03791182717991437,0.6432868840599059,229,966,0,2,0.05367608201306045
interaction_binary,1.0,0.6855787838767606,-0.06619241305521295,0.6193863708215477,274,1008,0,0,0.7310526079653298
interaction_binary,1.0,0.6930981986286968,-0.07690877014719821,0.6161894284814986,271,1012,0,1,0.6963441916673486
interaction_binary,1.0,0.6914166134537834,-0.06572079301348477,0.6256958204402986,258,966,0,2,0.7629429988882379
interaction_binary,2.0,0.6731646695937041,-0.14167489104438713,0.531489778549317,289,1008,0,0,1.4389871267772079
interaction_binary,2.0,0.689900742654065,-0.12971650578815275,0.5601842368659122,295,1012,0,1,1.4059491758861002
interaction_binary,2.0,0.6925187281590648,-0.10980142295771966,0.5827173052013451,276,966,0,2,1.4722099157634128
interaction_binary,3.0,0.6762389672080016,-0.17907916055911283,0.49715980664888876,294,1008,0,0,2.1469216455890887
interaction_binary,3.0,0.6769510924969454,-0.18128626702798767,0.49566482546895774,318,1012,0,1,2.115554160104852
interaction_binary,3.0,0.6913696174777626,-0.15197950850187247,0.5393901089758901,288,966,0,2,2.1814768326385914
interaction_binary,5.0,0.7097719579185009,-0.21295333478035705,0.49681862313814384,298,1008,0,0,3.5627906832128446
interaction_binary,5.0,0.6988682408826548,-0.23985375149839344,0.4590144893842613,320,1012,0,1,3.534764128542356
interaction_binary,5.0,0.70912409210795,-0.20302926697212764,0.5060948251358224,289,966,0,2,3.6000106663889446
interaction_binary,7.0,0.766589626415061,-0.22010293079142684,0.5464866956236342,301,1008,0,0,4.978659720836603
interaction_binary,7.0,0.7396323307808081,-0.28704141470549366,0.4525909160753145,324,1012,0,1,4.953974096979859
interaction_binary,7.0,0.7399194162590493,-0.23937686422149484,0.5005425520375545,293,966,0,2,5.018544500139298
interaction_binary,10.0,0.8858732985739161,-0.2081353681858098,0.6777379303881063,306,1008,0,0,7.102463277272241
interaction_binary,10.0,0.8606309118370807,-0.38674004034202947,0.47389087149505127,322,1012,0,1,7.082789049636122
interaction_binary,10.0,0.8261457715355857,-0.33281043069973937,0.4933353408358463,293,966,0,2,7.146345250764831
interaction_binary,15.0,1.1810338189123868,-0.15333184436411873,1.027701974548268,306,1008,0,0,10.642135871331634
interaction_binary,15.0,1.1065427213874413,-0.5829918917313499,0.5235508296560913,326,1012,0,1,10.630813970729879
interaction_binary,15.0,1.0220516910394268,-0.5303775245573084,0.4916741664821184,296,966,0,2,10.692679835140712
interaction_binary,20.0,1.5316357628352584,-0.08316073959442005,1.4484750232408383,305,1008,0,0,14.181808465391022
interaction_binary,20.0,1.4107559478876983,-0.8012376791075378,0.6095182687801605,327,1012,0,1,14.178838891823615
interaction_binary,20.0,1.2830482115108126,-0.7908936152491205,0.4921545962616921,295,966,0,2,14.239014419516591
sinusoidal_binary,0.0,0.42416950742457005,0.005203654037640115,0.42937316146221016,275,978,0,0,0.08065432756321075
sinusoidal_binary,0.0,0.3996390713603123,0.19714212935259778,0.5967812007129101,240,1054,0,1,0.06149802062227189
sinusoidal_binary,0.0,0.38906410355679166,0.13785996926050614,0.5269240728172978,248,987,0,2,0.05610030670994834
sinusoidal_binary,1.0,0.29886528879149105,0.01145170813690205,0.3103169969283931,414,978,0,0,0.8148486726018282
sinusoidal_binary,1.0,0.3751977828710955,0.1802845196566364,0.5554823025277319,384,1054,0,1,0.6790427884360914
sinusoidal_binary,1.0,0.3641405310627997,0.08250375975136504,0.44664429081416473,394,987,0,2,0.7890896583205997
sinusoidal_binary,2.0,0.21650015724069782,-0.02066910553194587,0.19583105170875195,468,978,0,0,1.5490430176404457
sinusoidal_binary,2.0,0.23925298940174114,0.21847949638749228,0.4577324857892334,467,1054,0,1,1.383928782748624
sinusoidal_binary,2.0,0.2959938558455898,0.016671455643709532,0.3126653114892993,467,987,0,2,1.5220790099312516
sinusoidal_binary,3.0,0.2229349048489185,-0.06019185047373127,0.16274305437518724,483,978,0,0,2.2832373626790665
sinusoidal_binary,3.0,0.279139005950678,0.10309320213570822,0.3822322080863862,480,1054,0,1,2.088814777061158
sinusoidal_binary,3.0,0.3021635902666707,-0.07895918908069138,0.22320440118597934,477,987,0,2,2.255068361541902
sinusoidal_binary,5.0,0.20126950217984135,-0.0740493420357696,0.12722016014407175,490,978,0,0,3.7516260527563015
sinusoidal_binary,5.0,0.2715666332433468,-0.01839318243845023,0.25317345080489656,487,1054,0,1,3.498586765686221
sinusoidal_binary,5.0,0.34011423455588635,-0.18450836337662269,0.15560587117926367,482,987,0,2,3.721047064763201
sinusoidal_binary,7.0,0.018197474056758686,-0.0066606737731718015,0.011536800283586885,499,978,0,0,5.220014742833539
sinusoidal_binary,7.0,0.04323877284800073,0.09111936406227708,0.13435813691027781,498,1054,0,1,4.908358754311287
sinusoidal_binary,7.0,0.01858313596863558,-0.005337251308847948,0.01324588465978763,499,987,0,2,5.187025767984505
sinusoidal_binary,10.0,1.4111311086733684e-09,2.9681313735547767e-06,2.96954250466345e-06,500,978,0,0,7.422597777949388
sinusoidal_binary,10.0,2.784338026707032e-09,0.05597672637746811,0.055976729161806134,500,1054,0,1,7.023016737248887
sinusoidal_binary,10.0,5.165156639002805e-09,0.0005982460385042821,0.0005982512036609211,500,987,0,2,7.385993822816458
sinusoidal_binary,15.0,1.7846613076248845e-14,4.770138157676426e-09,4.770156004289503e-09,500,978,0,0,11.093569503142485
sinusoidal_binary,15.0,5.193201424449044e-14,0.012864652780197753,0.012864652780249685,500,1054,0,1,10.547446708811549
sinusoidal_binary,15.0,1.720787956572771e-13,1.3086920938781479e-05,1.3086921110860274e-05,500,987,0,2,11.050940580869716
sinusoidal_binary,20.0,9.992007221626413e-16,7.63905561042721e-12,7.640054811149372e-12,500,978,0,0,14.76454122833558
sinusoidal_binary,20.0,9.992007221626413e-16,0.002874975088301464,0.002874975088302463,500,1054,0,1,14.071876680374205
sinusoidal_binary,20.0,9.992007221626413e-16,2.860132951209118e-07,2.860132961201125e-07,500,987,0,2,14.715887338922979
linear_binary,0.0,0.6851044467160782,0.004139294107795233,0.6892437408238734,260,979,1,0,0.0696230164854667
linear_binary,0.0,0.6831876698454628,0.0031009807665741684,0.6862886506120369,272,1018,1,1,0.016869414685349596
linear_binary,0.0,0.6745966314085864,0.002579181438236766,0.6771758128468232,249,1002,1,2,0.037468638886628707
linear_binary,1.0,0.6643631641373472,0.005209330039825155,0.6695724941771724,298,979,1,0,0.7868038727848253
linear_binary,1.0,0.658207697674226,0.003315440762432398,0.6615231384366584,309,1018,1,1,0.7270041783665143
linear_binary,1.0,0.6663488050456863,0.005066882822783225,0.6714156878684695,287,1002,1,2,0.7528159527100443
linear_binary,2.0,0.6253406712941039,0.005031234893580927,0.6303719061876848,331,979,1,0,1.5039847290841841
linear_binary,2.0,0.6217579417600823,0.003314332730404379,0.6250722744904866,342,1018,1,1,1.437138942047679
linear_binary,2.0,0.6318751910945074,0.006739702114583412,0.6386148932090908,330,1002,1,2,1.4681632665334627
linear_binary,3.0,0.5743434124266615,0.004932645171518368,0.5792760575981799,362,979,1,0,2.221165585383543
linear_binary,3.0,0.5834590552994648,0.003344514335590909,0.5868035696350558,365,1018,1,1,2.147273705728843
linear_binary,3.0,0.582170042523476,0.008707253269186754,0.5908772957926628,363,1002,1,2,2.183510580356879
linear_binary,5.0,0.44288939782681586,0.0020290808212669043,0.44491847864808276,415,979,1,0,3.6555272979822613
linear_binary,5.0,0.41550977177645254,0.012614813888035814,0.42812458566448836,426,1018,1,1,3.567543233091173
linear_binary,5.0,0.4723497984205002,0.01261900818786954,0.4849688066083697,409,1002,1,2,3.614205208003711
linear_binary,7.0,0.2776408762504689,0.00029078043140312593,0.27793165668187203,459,979,1,0,5.089889010580979
linear_binary,7.0,0.2625804782887012,0.01308708201857689,0.27566756030727807,463,1018,1,1,4.987812760453502
linear_binary,7.0,0.3515925212908039,0.016031507099527498,0.3676240283903314,444,1002,1,2,5.044899835650543
linear_binary,10.0,0.14053659809163196,0.00033374294590002296,0.140870341037532,484,979,1,0,7.241431579479049
linear_binary,10.0,0.15039608241578506,0.006373713720961044,0.1567697961367461,482,1018,1,1,7.118217051496996
linear_binary,10.0,0.16493648139977388,0.025847637792064393,0.19078411919183827,481,1002,1,2,7.190941777120794
linear_binary,15.0,0.025613157041081743,0.0026159521110646934,0.028229109152146437,498,979,1,0,10.82733586097585
linear_binary,15.0,0.056207879643985305,0.0005913604376098711,0.056799240081595176,495,1018,1,1,10.66889086990282
linear_binary,15.0,0.039803237334771153,0.017058011167299103,0.05686124850207026,497,1002,1,2,10.767678346237883
linear_binary,20.0,0.014729835587449145,-0.0001524086604264164,0.014577426927022729,499,979,1,0,14.413240142472677
linear_binary,20.0,0.014060269059234094,0.0007311837659627323,0.014791452825196826,499,1018,1,1,14.219564688308662
linear_binary,20.0,0.014597226407222616,0.006181189572557784,0.0207784159797804,499,1002,1,2,14.344414915354958
interaction_binary,0.0,0.684112568269091,-0.0530510819297102,0.6310614863393808,229,999,1,0,0.04114518038634299
interaction_binary,0.0,0.686072568098324,-0.06243180199370024,0.6236407661046237,239,969,1,1,0.05998067011717986
interaction_binary,0.0,0.6797693273499376,-0.08345238207423389,0.5963169452757037,236,963,1,2,0.028332162353637145
interaction_binary,1.0,0.6779766967340284,-0.09255242380985762,0.5854242729241708,251,999,1,0,0.7687692799112877
interaction_binary,1.0,0.672707945288003,-0.08000568763688953,0.5927022576511135,285,969,1,1,0.680329501871573
interaction_binary,1.0,0.6797093764765612,-0.10858606986804742,0.5711233066085137,272,963,1,2,0.7169716570176943
interaction_binary,2.0,0.6699466746457464,-0.14567118689569558,0.5242754877500508,266,999,1,0,1.4963933794362334
interaction_binary,2.0,0.6585203554319085,-0.14704350308464975,0.5114768523472587,301,969,1,1,1.3949524191718963
interaction_binary,2.0,0.6686463270147942,-0.16256702409375012,0.5060793029210441,294,963,1,2,1.4056111516817504
interaction_binary,3.0,0.6628336628079469,-0.20196373128868533,0.46086993151926153,285,999,1,0,2.224017478961179
interaction_binary,3.0,0.6433876785044852,-0.21021649786378488,0.4331711806407003,320,969,1,1,2.1095753364722203
interaction_binary,3.0,0.6737020391069295,-0.24278911172675832,0.4309129273801712,303,963,1,2,2.094250646345807
interaction_binary,5.0,0.6605583465549358,-0.2600647697676242,0.4004935767873116,304,999,1,0,3.6792656780110673
interaction_binary,5.0,0.6539515120486026,-0.27995576344954914,0.37399574859905343,324,969,1,1,3.5388211710728643
interaction_binary,5.0,0.7199259058822022,-0.3170134839435092,0.402912421938693,315,963,1,2,3.471529635673923
interaction_binary,7.0,0.6999792736246843,-0.31639529869160404,0.3835839749330802,303,999,1,0,5.134513877060964
interaction_binary,7.0,0.6929798144186239,-0.3329659238156884,0.3600138906029355,327,969,1,1,4.9680670056735075
interaction_binary,7.0,0.8328009677498566,-0.3768536850028944,0.45594728274696217,318,963,1,2,4.848808625002038
interaction_binary,10.0,0.8064420462182906,-0.4367126101723615,0.3697294360459291,298,999,1,0,7.317386175635791
interaction_binary,10.0,0.7926189684492931,-0.42376827133337014,0.368850697115923,331,969,1,1,7.11193575757448
interaction_binary,10.0,1.0933981068782137,-0.4193509449869801,0.6740471618912336,315,963,1,2,6.914727108994199
interaction_binary,15.0,1.0290659684763328,-0.6589470412946066,0.37011892718172623,299,999,1,0,10.95550667326052
interaction_binary,15.0,1.0460875894478017,-0.6089688626211854,0.43711872682661623,333,969,1,1,10.685050344076107
interaction_binary,15.0,1.5930538582869684,-0.41914575366953377,1.1739081046174347,315,963,1,2,10.357924582314489
interaction_binary,20.0,1.3130095690198693,-0.9234736782070356,0.38953589081283374,298,999,1,0,14.593627170885249
interaction_binary,20.0,1.368447415413284,-0.8032931652764405,0.5651542501368435,332,969,1,1,14.258164930577715
interaction_binary,20.0,2.1010841325091643,-0.37364488458687317,1.727439247922291,317,963,1,2,13.801122055634776
sinusoidal_binary,0.0,0.42925280513425546,0.008438969952030417,0.4376917750862859,245,1043,1,0,0.04463885266452334
sinusoidal_binary,0.0,0.47068885591860715,0.030349135013905848,0.501037990932513,253,997,1,1,0.040180110601049535
sinusoidal_binary,0.0,0.4255152666949941,0.0876481738673312,0.5131634405623253,261,985,1,2,0.0494868513221758
sinusoidal_binary,1.0,0.3395446225857248,0.002956325879664934,0.34250094846538975,382,1043,1,0,0.6976164934991992
sinusoidal_binary,1.0,0.33824153200466445,0.04341614621393153,0.381657678218596,396,997,1,1,0.7575207287234579
sinusoidal_binary,1.0,0.3129794957376619,0.10830412811274798,0.42128362385040985,395,985,1,2,0.7626996580731897
sinusoidal_binary,2.0,0.2852081765762623,-0.009416339587477007,0.2757918369887853,450,1043,1,0,1.415654384979171
sinusoidal_binary,2.0,0.2541401834302343,-0.009558202239827507,0.2445819811904068,469,997,1,1,1.4748613468458667
sinusoidal_binary,2.0,0.2534418616800019,0.04263823798338212,0.296080099663384,464,985,1,2,1.4759124648242024
sinusoidal_binary,3.0,0.3314411912383969,-0.029372311436567766,0.3020688798018291,475,1043,1,0,2.13369227645914
sinusoidal_binary,3.0,0.34305564323363763,-0.12917105252942299,0.21388459070421464,480,997,1,1,2.192201964968273
sinusoidal_binary,3.0,0.32045600509881617,-0.09474428861455947,0.2257117164842567,474,985,1,2,2.189125271575216
sinusoidal_binary,5.0,0.36977491244995225,-0.04850451295539232,0.32127039949455993,482,1043,1,0,3.5697680594190833
sinusoidal_binary,5.0,0.15879999858092578,-0.07890905480684872,0.07989094377407706,492,997,1,1,3.6268832012130954
sinusoidal_binary,5.0,0.3138295206871172,-0.1783446170942944,0.13548490359282284,483,985,1,2,3.615550885077244
sinusoidal_binary,7.0,0.025149960154711513,-0.00311719460455636,0.022032765550155153,499,1043,1,0,5.005843842379024
sinusoidal_binary,7.0,1.2972952693197756e-06,0.001511106310121955,0.0015124036053912747,500,997,1,1,5.061564437457911
sinusoidal_binary,7.0,0.092209113256362,-0.05400783731773715,0.038201275938624844,496,985,1,2,5.041976498579274
sinusoidal_binary,10.0,2.1009799087012e-09,2.8675550762166172e-08,3.077653067086737e-08,500,1043,1,0,7.1599575168189435
sinusoidal_binary,10.0,1.5718375814317537e-09,9.215215869293316e-05,9.215373053051459e-05,500,997,1,1,7.213586291825135
sinusoidal_binary,10.0,1.8001184849469053e-09,0.001066415774798793,0.0010664175749172781,500,985,1,2,7.181614918832308
sinusoidal_binary,15.0,2.4849011737171865e-14,2.8961637533341524e-12,2.9210127650713243e-12,500,1043,1,0,10.750146974218799
sinusoidal_binary,15.0,2.186140157789813e-14,8.744519683291422e-07,8.744519901905437e-07,500,997,1,1,10.800289382437171
sinusoidal_binary,15.0,2.393907294618267e-14,3.4738309775785595e-05,3.473830979972467e-05,500,985,1,2,10.747678952587377
sinusoidal_binary,20.0,9.992007221626413e-16,1.234568003383182e-16,1.1226575225009595e-15,500,1043,1,0,14.340336431618658
sinusoidal_binary,20.0,9.992007221626413e-16,8.266559142382677e-09,8.2665601415834e-09,500,997,1,1,14.386992473049213
sinusoidal_binary,20.0,9.992007221626413e-16,1.1291887226207054e-06,1.1291887236199061e-06,500,985,1,2,14.313742986342433
linear_binary,0.0,0.6779022443164562,0.00664795705565846,0.6845502013721146,257,998,2,0,0.09875298275154876
linear_binary,0.0,0.6736847722971345,0.0014288190859098604,0.6751135913830444,242,970,2,1,0.02425820134110251
linear_binary,0.0,0.6887314418292778,0.003332049363106715,0.6920634911923845,243,1008,2,2,0.03702812922761396
linear_binary,1.0,0.6707225772546918,0.0018040716098439713,0.6725266488645357,294,998,2,0,0.6329236465756918
linear_binary,1.0,0.6620171912441027,0.00283585969511424,0.664853050939217,290,970,2,1,0.7085818268479441
linear_binary,1.0,0.673052705901429,0.004274349555947854,0.6773270554573768,282,1008,2,2,0.7611261004606168
linear_binary,2.0,0.6276207660845547,0.0011193541514292749,0.628740120235984,338,998,2,0,1.3447324096929731
linear_binary,2.0,0.6339119795870181,0.0042595560478904115,0.6381715356349085,322,970,2,1,1.4167455940346598
linear_binary,2.0,0.6374490794162223,0.0038501652852324098,0.6412992447014547,327,1008,2,2,1.4852240716936185
linear_binary,3.0,0.5748623904685978,0.0005114306735208851,0.5753738211421187,368,998,2,0,2.05654117281025
linear_binary,3.0,0.5883212206660551,0.006428726048653188,0.5947499467147083,354,970,2,1,2.124909361221372
linear_binary,3.0,0.5740534333354598,0.004478589997240268,0.5785320233327,367,1008,2,2,2.209322042926622
linear_binary,5.0,0.44056064486249424,0.0075333727155586505,0.4480940175780529,419,998,2,0,3.4801586990448055
linear_binary,5.0,0.4765792711556474,0.010327943590217659,0.48690721474586507,406,970,2,1,3.5412368955947975
linear_binary,5.0,0.4700631428379212,0.0032040680602274385,0.47326721089814866,410,1008,2,2,3.65751798539263
linear_binary,7.0,0.2921051013199941,0.00785495041462031,0.29996005173461443,458,998,2,0,4.903776225279367
linear_binary,7.0,0.325322094947664,0.02323900214681851,0.3485610970944825,449,970,2,1,4.957564429968228
linear_binary,7.0,0.34778317414642584,0.0026019355335819006,0.35038510968000774,445,1008,2,2,5.105713927858634
linear_binary,10.0,0.12354823866835346,0.008394851755263194,0.13194309042361665,487,998,2,0,7.039202514631208
linear_binary,10.0,0.16537032531333984,0.028197410804557538,0.19356773611789738,480,970,2,1,7.082055731528378
linear_binary,10.0,0.1710366878372367,0.002125446633639616,0.1731621344708763,480,1008,2,2,7.278007841557633
linear_binary,15.0,0.03741857628232317,0.003231328815258179,0.040649905097581346,497,998,2,0,10.598246330217613
linear_binary,15.0,0.05838615080729558,0.013911849192038021,0.0722979999993336,495,970,2,1,10.62287456746195
linear_binary,15.0,0.05031269160690409,0.0009032355093780489,0.05121592711628214,496,1008,2,2,10.898497697722652
linear_binary,20.0,0.0015588773598303632,0.002323663102704478,0.003882540462534841,500,998,2,0,14.157290145804
linear_binary,20.0,0.000924777602586363,0.012891976590160482,0.013816754192746845,500,970,2,1,14.163693403395525
linear_binary,20.0,0.03779205777818183,-0.00028732173536872435,0.037504736042813104,497,1008,2,2,14.518987553887673
interaction_binary,0.0,0.6854816821229338,-0.06960246306180995,0.6158792190611239,263,1026,2,0,0.06528731475373907
interaction_binary,0.0,0.691644521512827,-0.07742781869503368,0.6142167028177933,234,1002,2,1,0.011600666398589206
interaction_binary,0.0,0.6842153889126751,-0.05615490958684077,0.6280604793258343,244,998,2,2,0.021561271623554642
interaction_binary,1.0,0.670720518245452,-0.09664202656152332,0.5740784916839287,294,1026,2,0,0.6517007382240496
interaction_binary,1.0,0.702470172984584,-0.14051842857649444,0.5619517444080896,263,1002,2,1,0.7074502942262813
interaction_binary,1.0,0.6756083413498661,-0.09775710173875651,0.5778512396111096,266,998,2,2,0.7310980501505098
interaction_binary,2.0,0.6627342464990214,-0.17143216020606172,0.4913020862929596,299,1026,2,0,1.353074555399391
interaction_binary,2.0,0.7075029286229022,-0.2455576340928537,0.4619452945300485,294,1002,2,1,1.4032999220539712
interaction_binary,2.0,0.6763420087839789,-0.14412397241571728,0.5322180363682616,274,998,2,2,1.4507621227457823
interaction_binary,3.0,0.654621033246173,-0.2334695897684237,0.42115144347774935,309,1026,2,0,2.054448372574732
interaction_binary,3.0,0.7150651905305164,-0.31905588146469716,0.39600930906581927,308,1002,2,1,2.099149549881663
interaction_binary,3.0,0.6635535357554736,-0.19986754630757386,0.46368598944789974,301,998,2,2,2.1704261953410526
interaction_binary,5.0,0.6637849193669042,-0.24400374844925454,0.41978117091764966,314,1026,2,0,3.457196006925409
interaction_binary,5.0,0.7829380688391184,-0.40751157000959093,0.3754264988295275,313,1002,2,1,3.4908488055370452
interaction_binary,5.0,0.6579238104366713,-0.23004277900667847,0.4278810314299928,315,998,2,2,3.6097543405315955
interaction_binary,7.0,0.7000523592070639,-0.17430373725968062,0.5257486219473833,314,1026,2,0,4.859943641276094
interaction_binary,7.0,0.8996681925543472,-0.4483272134832361,0.45134097907111104,313,1002,2,1,4.882548061192426
interaction_binary,7.0,0.6746081851877839,-0.20906999056866266,0.4655381946191212,316,998,2,2,5.049082485722139
interaction_binary,10.0,0.7860914608068345,0.001196148783855766,0.7872876095906902,313,1026,2,0,6.964065092802122
interaction_binary,10.0,1.1033082419923061,-0.5079597606550559,0.5953484813372503,318,1002,2,1,6.970096944675494
interaction_binary,10.0,0.7317397962153422,-0.12587495748337574,0.6058648387319665,317,998,2,2,7.208074703507958
interaction_binary,15.0,0.9991537929869557,0.35933965590577543,1.3584934488927312,312,1026,2,0,10.47093417867882
interaction_binary,15.0,1.5788960592577987,-0.5608477570792478,1.018048302178551,315,1002,2,1,10.449345083813954
interaction_binary,15.0,0.8974660473280621,0.06411494342968649,0.9615809907577486,316,998,2,2,10.806395066484317
interaction_binary,20.0,1.243712124443666,0.7039495194721046,1.9476616439157706,314,1026,2,0,13.977803264555519
interaction_binary,20.0,2.0862988506128697,-0.5779239555322953,1.5083748950805744,314,1002,2,1,13.928593222952415
interaction_binary,20.0,1.1037017527899744,0.2636008115163275,1.367302564306302,317,998,2,2,14.404715429460682
sinusoidal_binary,0.0,0.4772041634353485,0.15433640680088673,0.6315405702362352,245,993,2,0,0.02767163131893729
sinusoidal_binary,0.0,0.4182468496033206,0.0786435340151877,0.4968903836185083,248,982,2,1,0.025365111109393407
sinusoidal_binary,0.0,0.42927297774516476,0.008977641769848055,0.4382506195150128,237,1027,2,2,0.05599177998446761
sinusoidal_binary,1.0,0.39926057355728084,0.20097884340451178,0.6002394169617926,378,993,2,0,0.6892291868434909
sinusoidal_binary,1.0,0.337459654943367,0.09556951614892628,0.4330291710922933,383,982,2,1,0.7095098393432161
sinusoidal_binary,1.0,0.35512240993537236,0.0024682602303725543,0.3575906701657449,391,1027,2,2,0.6909146315954595
sinusoidal_binary,2.0,0.3555563260936863,0.1729257001681475,0.5284820262618338,450,993,2,0,1.3958535406200752
sinusoidal_binary,2.0,0.24992454768941322,0.05807837152890985,0.30800291921832307,458,982,2,1,1.41986920712114
sinusoidal_binary,2.0,0.23206426293969987,-0.013863798763985441,0.21820046417571443,467,1027,2,2,1.4071658384705321
sinusoidal_binary,3.0,0.37240237247712077,0.09310881782573671,0.4655111903028575,472,993,2,0,2.1024778943966584
sinusoidal_binary,3.0,0.31669195793340804,-0.07837547197552,0.23831648595788804,472,982,2,1,2.130228574899062
sinusoidal_binary,3.0,0.2737006945131532,-0.05216943846974759,0.22153125604340562,479,1027,2,2,2.1234170453456054
sinusoidal_binary,5.0,0.5146089629811764,-0.13980089553688313,0.3748080674442933,473,993,2,0,3.5157266019498246
sinusoidal_binary,5.0,0.3930420800302998,-0.22865397405505528,0.1643881059752445,479,982,2,1,3.5509473104549096
sinusoidal_binary,5.0,0.23841376063824338,-0.06266478961719996,0.17574897102104342,487,1027,2,2,3.5559194590957497
sinusoidal_binary,7.0,0.023608681321897668,0.2251682899851693,0.24877697130706697,499,993,2,0,4.928975309502991
sinusoidal_binary,7.0,0.08891305031607526,-0.049212717193723915,0.03970033312235134,496,982,2,1,4.971666046010758
sinusoidal_binary,7.0,0.06948124052041797,-0.019738151079306786,0.049743089441111187,497,1027,2,2,4.988421872845893
sinusoidal_binary,10.0,3.3574549058860048e-09,0.16014168465213016,0.16014168800958506,500,993,2,0,7.048848370832738
sinusoidal_binary,10.0,3.789576549490135e-09,0.0019495421298738875,0.001949545919450437,500,982,2,1,7.102744149344532
sinusoidal_binary,10.0,4.223274540433346e-09,9.269482620902033e-07,9.311715366306366e-07,500,1027,2,2,7.137175493471113
sinusoidal_binary,15.0,7.036060623025915e-14,0.07573608239548558,0.07573608239555595,500,993,2,0,10.581970139715647
sinusoidal_binary,15.0,7.22590876023739e-14,8.499310072014798e-05,8.499310079240707e-05,500,982,2,1,10.654540988234153
sinusoidal_binary,15.0,9.221112762255797e-14,7.142831441729153e-10,7.143753553005379e-10,500,1027,2,2,10.718431527846471
sinusoidal_binary,20.0,9.992007221626413e-16,0.03514552277381201,0.03514552277381301,500,993,2,0,14.115091908598561
sinusoidal_binary,20.0,9.992007221626413e-16,3.661824265946194e-06,3.6618242669453946e-06,500,982,2,1,14.206337827123779
sinusoidal_binary,20.0,9.992007221626413e-16,5.482796439092915e-13,5.492788446314541e-13,500,1027,2,2,14.29968756222183
linear_binary,0.0,0.6836270754571558,0.005614601500109728,0.6892416769572656,229,968,3,0,0.051883436149164866
linear_binary,0.0,0.6746760738838624,0.006114319132322521,0.6807903930161849,254,984,3,1,0.03202177359226309
linear_binary,0.0,0.6717205567826113,0.005659913474387102,0.6773804702569984,258,1050,3,2,0.02185143632681376
linear_binary,1.0,0.6870491953892958,0.010730120803515653,0.6977793161928114,271,968,3,0,0.681440304542677
linear_binary,1.0,0.6622304059317514,0.009355670795797355,0.6715860767275488,290,984,3,1,0.7364040283872197
linear_binary,1.0,0.666608255705954,0.001331767437343645,0.6679400231432976,292,1050,3,2,0.7400895890555985
linear_binary,2.0,0.6581448413606261,0.010088512006546035,0.6682333533671722,314,968,3,0,1.394838961967599
linear_binary,2.0,0.6291108971415768,0.009887907058347745,0.6389988041999245,329,984,3,1,1.4407862831821756
linear_binary,2.0,0.6355852985994241,-0.002088699809579486,0.6334965987898447,326,1050,3,2,1.4583277417843827
linear_binary,3.0,0.6073738160689481,0.012463281692702277,0.6198370977616504,352,968,3,0,2.1082376193925243
linear_binary,3.0,0.5812214740943332,0.007005880814006438,0.5882273549083397,361,984,3,1,2.145168537977135
linear_binary,3.0,0.5983624119015543,-0.00495626455108511,0.5934061473504691,355,1050,3,2,2.176565894513169
linear_binary,5.0,0.4871670428800694,0.028429488716913087,0.5155965315969825,406,968,3,0,3.5350349342423666
linear_binary,5.0,0.4080168212959046,0.00213779925716745,0.41015462055307206,429,984,3,1,3.553933047567049
linear_binary,5.0,0.4644671714423541,-0.002367214656136152,0.46209995678621796,411,1050,3,2,3.613042199970737
linear_binary,7.0,0.3666268937297057,0.040254871593341235,0.40688176532304693,442,968,3,0,4.961832249092209
linear_binary,7.0,0.2877387818973518,-0.003148473112617567,0.28459030878473424,459,984,3,1,4.96269755715696
linear_binary,7.0,0.3208940628180769,-0.004595958343622697,0.3162981044744542,451,1050,3,2,5.0495185054283045
linear_binary,10.0,0.22496009971222522,0.04375156930353033,0.26871166901575555,472,968,3,0,7.102028221366984
linear_binary,10.0,0.1409709134328738,-0.0026024044518450085,0.1383685089810288,485,984,3,1,7.075844321541832
linear_binary,10.0,0.13525215958489267,0.0005982103977863473,0.13585036998267902,485,1050,3,2,7.204232963614658
linear_binary,15.0,0.04579625318808665,0.009145926915061567,0.05494218010314822,496,968,3,0,10.66902150849159
linear_binary,15.0,0.03911074864388973,-0.001863919845440501,0.037246828798449226,497,984,3,1,10.597755595516626
linear_binary,15.0,0.06619892617411391,-0.00015230511634645172,0.06604662105776746,494,1050,3,2,10.795423727258578
linear_binary,20.0,0.028195982223203256,0.009189345286727948,0.037385327509931204,498,968,3,0,14.236014795616201
linear_binary,20.0,0.026079988026576188,0.001933027111398481,0.02801301513797467,498,984,3,1,14.119666869491398
linear_binary,20.0,0.0015061027143756184,2.8823033524445025e-05,0.0015349257479000634,500,1050,3,2,14.386614490902508
interaction_binary,0.0,0.7007845615679946,-0.05511162967456584,0.6456729318934288,231,1042,3,0,0.06046770774920837
interaction_binary,0.0,0.6854073229767558,-0.03401743187398287,0.6513898911027729,259,1017,3,1,0.0381984879002534
interaction_binary,0.0,0.6875677336453204,-0.05756408796855217,0.6300036456767683,242,1014,3,2,0.02148386066872293
interaction_binary,1.0,0.7108512199754996,-0.10317844643967644,0.6076727735358232,268,1042,3,0,0.7811159746967572
interaction_binary,1.0,0.6854343157606643,-0.037304763201953084,0.6481295525587112,282,1017,3,1,0.744805264779331
interaction_binary,1.0,0.6887800177560138,-0.10525435415152873,0.5835256636044851,261,1014,3,2,0.7363838504691333
interaction_binary,2.0,0.6980244574016694,-0.2047920220509975,0.4932324353506719,296,1042,3,0,1.5017642416443058
interaction_binary,2.0,0.6825636783852742,-0.0677585675092558,0.6148051108760184,298,1017,3,1,1.4514120416584102
interaction_binary,2.0,0.6924310591445324,-0.19272756948585246,0.49970348965867994,280,1014,3,2,1.4512838402695445
interaction_binary,3.0,0.7046216233691001,-0.2888103027243213,0.41581132064477877,310,1042,3,0,2.22241250859185
interaction_binary,3.0,0.6737384764392134,-0.09051867412925196,0.5832198023099614,315,1017,3,1,2.158018818537489
interaction_binary,3.0,0.6827678379996045,-0.2659766727116875,0.416791165287917,303,1014,3,2,2.166183830069956
interaction_binary,5.0,0.7954303312458396,-0.4395614019979099,0.35586892924792973,308,1042,3,0,3.6637090424869467
interaction_binary,5.0,0.699508910334212,-0.1257809599322811,0.5737279504019309,322,1017,3,1,3.5712323722956403
interaction_binary,5.0,0.7059863999762722,-0.3345037919274928,0.3714826080487794,308,1014,3,2,3.59598380967078
interaction_binary,7.0,0.8994474190222453,-0.5662438085120167,0.33320361051022857,316,1042,3,0,5.105005576382048
interaction_binary,7.0,0.7544392436425613,-0.15197266169871348,0.6024665819438478,327,1017,3,1,4.9844459260538
interaction_binary,7.0,0.7670448981048132,-0.3941052108576407,0.3729396872471725,305,1014,3,2,5.025783789271597
interaction_binary,10.0,1.125576217133548,-0.7938662285127811,0.3317099886207668,320,1042,3,0,7.266950377224689
interaction_binary,10.0,0.9153058944653801,-0.19888116461547412,0.716424729849906,325,1017,3,1,7.104266256691031
interaction_binary,10.0,0.8772225598223733,-0.4778629464643812,0.3993596133579921,309,1014,3,2,7.170483758672831
interaction_binary,15.0,1.5792262480838968,-1.2349692675726702,0.34425698051122644,322,1042,3,0,10.870191711962434
interaction_binary,15.0,1.2556207455960349,-0.2758801077000388,0.9797406378959961,325,1017,3,1,10.637300141086413
interaction_binary,15.0,1.1500343559612356,-0.6110295579050794,0.5390047980561562,309,1014,3,2,10.744983707674887
interaction_binary,20.0,2.0639762854431174,-1.6812216940839417,0.3827545913591758,323,1042,3,0,14.473433046700194
interaction_binary,20.0,1.611575019865609,-0.34385638061948165,1.2677186392461273,328,1017,3,1,14.170334025481793
interaction_binary,20.0,1.4720803093223962,-0.7346421460537774,0.7374381632686188,309,1014,3,2,14.319483656676933
sinusoidal_binary,0.0,0.4257265571203785,0.011811861490742592,0.4375384186111211,253,1035,3,0,0.030220604173832825
sinusoidal_binary,0.0,0.4415766647764707,0.1049949848475607,0.5465716496240314,254,995,3,1,0.008170648161017343
sinusoidal_binary,0.0,0.4054514705384037,0.0065890996094990495,0.41204057014790274,245,1002,3,2,0.03259492921753188
sinusoidal_binary,1.0,0.3556379269537327,-0.006281308122211393,0.3493566188315213,391,1035,3,0,0.7430881674636675
sinusoidal_binary,1.0,0.4089981810973706,0.10033578256698777,0.5093339636643583,400,995,3,1,0.7151837916641294
sinusoidal_binary,1.0,0.33946748487326966,0.0029908145962669885,0.34245829946953665,394,1002,3,2,0.7388413411845854
sinusoidal_binary,2.0,0.31903276357136495,-0.06162860607527204,0.2574041574960929,457,1035,3,0,1.455955730753501
sinusoidal_binary,2.0,0.3086019234030406,0.08506856862827461,0.3936704920313152,461,995,3,1,1.4221969351672417
sinusoidal_binary,2.0,0.2287195690990518,-0.009269979722565463,0.21944958937648634,466,1002,3,2,1.4450877531516386
sinusoidal_binary,3.0,0.3614734264230894,-0.12303507733582,0.23843834908726938,473,1035,3,0,2.168823294043338
sinusoidal_binary,3.0,0.33486791486094636,-0.03139171827405074,0.3034761965868956,477,995,3,1,2.129210078670353
sinusoidal_binary,3.0,0.29287231554957305,-0.026335062474825144,0.2665372530747479,478,1002,3,2,2.151334165118693
sinusoidal_binary,5.0,0.36253559226864673,-0.1517197539560725,0.21081583831257422,482,1035,3,0,3.594558420623003
sinusoidal_binary,5.0,0.32957235390396555,-0.14661008715850246,0.1829622667454631,484,995,3,1,3.5432363656765755
sinusoidal_binary,5.0,0.2568452444632448,-0.03402264555792073,0.22282259890532408,487,1002,3,2,3.5638269890528007
sinusoidal_binary,7.0,0.0729265462291308,-0.03227823264432794,0.040648313584802864,497,1035,3,0,5.020293547202673
sinusoidal_binary,7.0,1.0949624936441053e-06,0.0573495501317034,0.057350645094197045,500,995,3,1,4.957262652682801
sinusoidal_binary,7.0,0.024887107401644102,-0.0032386387330035522,0.02164846866864055,499,1002,3,2,4.976319812986908
sinusoidal_binary,10.0,2.369824851066535e-09,6.374013467515917e-06,6.376383292366983e-06,500,1035,3,0,7.158896237072178
sinusoidal_binary,10.0,1.2113241212325329e-09,0.01908847803073384,0.019088479242057962,500,995,3,1,7.078302083192137
sinusoidal_binary,10.0,1.3782776104412037e-09,2.865880284830456e-08,3.0037080458745764e-08,500,1002,3,2,7.0950590488880705
sinusoidal_binary,15.0,2.2360779894410757e-14,1.4250590550839051e-08,1.4250612911618947e-08,500,1035,3,0,10.72323405352135
sinusoidal_binary,15.0,1.4611201137882986e-14,0.002948015687220509,0.00294801568723512,500,995,3,1,10.613367800707698
sinusoidal_binary,15.0,1.654365533454828e-14,3.8043723727900146e-12,3.8209160281245624e-12,500,1002,3,2,10.62629110872333
sinusoidal_binary,20.0,9.992007221626413e-16,3.211021759947391e-11,3.211121680019607e-11,500,1035,3,0,14.287571869970515
sinusoidal_binary,20.0,9.992007221626413e-16,0.0004505783314729076,0.0004505783314739068,500,995,3,1,14.14843351822326
sinusoidal_binary,20.0,9.992007221626413e-16,2.2737367544323364e-16,1.226574397605875e-15,500,1002,3,2,14.157523168558585
linear_binary,0.0,0.6946287334806633,0.000944065136064598,0.6955727986167279,243,965,4,0,0.05067453579221662
linear_binary,0.0,0.6749124969282245,0.00257623985252986,0.6774887367807544,250,995,4,1,0.04906114690933819
linear_binary,0.0,0.6718029699841941,0.004543609374517588,0.6763465793587117,243,1011,4,2,0.03293774056411039
linear_binary,1.0,0.6896631149196281,0.007793029489535419,0.6974561444091635,290,965,4,0,0.7552007704679738
linear_binary,1.0,0.66481538873101,0.0028801933889447406,0.6676955821199547,294,995,4,1,0.6840992530845742
linear_binary,1.0,0.6631835460199287,0.005740897350535068,0.6689244433704638,280,1011,4,2,0.724395661024242
linear_binary,2.0,0.643760350842742,0.011795238429384347,0.6555555892721263,334,965,4,0,1.4597270051437297
linear_binary,2.0,0.6300639448010545,0.0018097469086196805,0.6318736917096742,339,995,4,1,1.403725355996987
linear_binary,2.0,0.6297081528335134,0.008542458662709085,0.6382506114962225,326,1011,4,2,1.4158535814843738
linear_binary,3.0,0.5866726655310535,0.013448634005609805,0.6001212995366633,365,965,4,0,2.164253239819486
linear_binary,3.0,0.5763876819728313,0.0020396484915885527,0.5784273304644199,369,995,4,1,2.1233514589094
linear_binary,3.0,0.5712670070520933,0.01253512169665405,0.5838021287487474,363,1011,4,2,2.1073115019445074
linear_binary,5.0,0.463386585482549,0.01961001182679567,0.4829965973093447,414,965,4,0,3.5733057091710005
linear_binary,5.0,0.463029615744189,-0.003999437141025297,0.4590301786031637,416,995,4,1,3.5626036647342243
linear_binary,5.0,0.44223798920481666,0.02112239035647412,0.4633603795612908,417,1011,4,2,3.4902273428647708
linear_binary,7.0,0.25862606489668893,0.004068402624756051,0.262694467521445,465,965,4,0,4.982358178522513
linear_binary,7.0,0.35330330096903895,-0.0037033864643149506,0.349599914504724,445,995,4,1,5.00185587055905
linear_binary,7.0,0.2997625839328648,0.031643274153595136,0.33140585808645995,455,1011,4,2,4.873143183785036
linear_binary,10.0,0.14553597948007918,0.006167655175925796,0.15170363465600498,484,965,4,0,7.0959368825497835
linear_binary,10.0,0.1767954599846277,-0.0064851330892607695,0.17031032689536693,481,995,4,1,7.16073417929629
linear_binary,10.0,0.17314027518082645,0.029095787783432803,0.20223606296425925,479,1011,4,2,6.947516945165434
linear_binary,15.0,0.03780767925171638,0.0017617443291468513,0.03956942358086323,497,965,4,0,10.618568055928575
linear_binary,15.0,0.06310085844064639,-0.0039685239518107845,0.059132334488835606,495,995,4,1,10.758864693858357
linear_binary,15.0,0.0286445830113817,0.024439906925618416,0.053084489937000115,498,1011,4,2,10.404806547466087
linear_binary,20.0,0.0010429554721076925,-0.0006480147198997364,0.00039494075220795606,500,965,4,0,14.141199229307365
linear_binary,20.0,0.0082655233919009,-0.002718791214814285,0.005546732177086614,500,995,4,1,14.356995208420418
linear_binary,20.0,0.0019984574038453295,0.012519409099243045,0.014517866503088374,500,1011,4,2,13.862096149766751
interaction_binary,0.0,0.6907352172607069,-0.04010344827845602,0.6506317689822508,256,1005,4,0,0.025696353883864327
interaction_binary,0.0,0.6820772818391072,-0.036785445953168905,0.6452918358859383,240,983,4,1,0.019660650454118078
interaction_binary,0.0,0.6939842839587741,-0.046658384767437,0.6473258991913371,250,984,4,2,0.02726001114361862
interaction_binary,1.0,0.6784891780007737,-0.04486444222218522,0.6336247357785885,271,1005,4,0,0.7381058688736436
interaction_binary,1.0,0.6975169137261736,-0.07203269574041915,0.6254842179857545,266,983,4,1,0.7413388183596057
interaction_binary,1.0,0.6939227434066746,-0.07047097156899651,0.6234517718376781,268,984,4,2,0.7234037328667035
interaction_binary,2.0,0.6726467431711051,-0.09799074091000815,0.5746560022610969,291,1005,4,0,1.4505153838634255
interaction_binary,2.0,0.7009963943392588,-0.13090447207753886,0.5700919222617199,293,983,4,1,1.4630169862650935
interaction_binary,2.0,0.6981655549850055,-0.11791255911095966,0.5802529958740459,287,984,4,2,1.4195474545897873
interaction_binary,3.0,0.6810865017835626,-0.14296730381333977,0.5381191979702228,299,1005,4,0,2.1629248988532064
interaction_binary,3.0,0.7016565227536302,-0.18830967336721005,0.5133468493864202,308,983,4,1,2.1846951541705817
interaction_binary,3.0,0.7129238723808083,-0.14933440622803384,0.5635894661527745,290,984,4,2,2.1156911763128723
interaction_binary,5.0,0.7408806239440631,-0.2189107343269524,0.5219698896171107,306,1005,4,0,3.587743928832768
interaction_binary,5.0,0.7605453350174316,-0.2872647317233137,0.4732806032941179,310,983,4,1,3.6280514899815612
interaction_binary,5.0,0.7806993469030722,-0.1746789233417354,0.6060204235613368,292,984,4,2,3.5079786197590432
interaction_binary,7.0,0.8472352517729024,-0.2872791210325145,0.5599561307403879,309,1005,4,0,5.012562958812322
interaction_binary,7.0,0.8626605235834013,-0.40220007904607924,0.46046044453732204,312,983,4,1,5.071407825792536
interaction_binary,7.0,0.878822671827526,-0.15934861576742132,0.7194740560601047,298,984,4,2,4.900266063205209
interaction_binary,10.0,1.0349765917054161,-0.4017301916734628,0.6332464000319533,317,1005,4,0,7.149791503781656
interaction_binary,10.0,1.0611610585615079,-0.6094294312760146,0.4517316272854933,316,983,4,1,7.236442329508989
interaction_binary,10.0,1.1163077858663533,-0.11151185098420346,1.0047959348821498,295,984,4,2,6.988697228374456
interaction_binary,15.0,1.5150671285856803,-0.6349080341078701,0.8801590944778102,312,1005,4,0,10.711839078730552
interaction_binary,15.0,1.5085391301421298,-1.055009802928656,0.4535293272134736,314,983,4,1,10.844833169036438
interaction_binary,15.0,1.5301302559948413,-0.02403204800353409,1.5060982079913072,301,984,4,2,10.469415836989874
interaction_binary,20.0,1.9870523312233779,-0.8419780212255779,1.1450743099978,314,1005,4,0,14.273886653679451
interaction_binary,20.0,1.9774073569615447,-1.518994873729778,0.4584124832317667,315,983,4,1,14.453224008563891
interaction_binary,20.0,1.9954066243761521,0.06546573954737367,2.060872363923526,303,984,4,2,13.950134445605306
sinusoidal_binary,0.0,0.43231375862205423,0.13718186831620405,0.5694956269382583,245,1027,4,0,0.07781637415866222
sinusoidal_binary,0.0,0.41752227993736823,0.02981146107883953,0.44733374101620776,259,1016,4,1,0.048352901269032356
sinusoidal_binary,0.0,0.4338939792553978,-0.0003665390946156477,0.43352744016078215,250,999,4,2,0.012351545567284176
sinusoidal_binary,1.0,0.38991700784219663,0.11709011299249339,0.50700712083469,389,1027,4,0,0.6881604669153322
sinusoidal_binary,1.0,0.33332090053574304,0.03227479511356324,0.3655956956493063,398,1016,4,1,0.7623017241968483
sinusoidal_binary,1.0,0.3452122300629372,-0.004539037166719828,0.3406731928962174,390,999,4,2,0.7096346926523204
sinusoidal_binary,2.0,0.25707253629499294,0.1164071072033317,0.37347964349832463,468,1027,4,0,1.414014341974161
sinusoidal_binary,2.0,0.22576810992764595,-0.0009712622954010375,0.22479684763224492,471,1016,4,1,1.4762505471246652
sinusoidal_binary,2.0,0.2875996931328854,-0.043189978800355217,0.2444097143325302,462,999,4,2,1.4096258911306476
sinusoidal_binary,3.0,0.31152975470503447,-0.024006309981488838,0.28752344472354563,480,1027,4,0,2.1398682170329923
sinusoidal_binary,3.0,0.31047455807391466,-0.10906209093631555,0.2014124671375991,480,1016,4,1,2.1901993700524827
sinusoidal_binary,3.0,0.37681179936574644,-0.10753182778161874,0.2692799715841277,472,999,4,2,2.1096170896089737
sinusoidal_binary,5.0,0.18865462172849878,-0.05870771469556668,0.1299469070329321,490,1027,4,0,3.59157596715065
sinusoidal_binary,5.0,0.2726244685049842,-0.13536421791063322,0.13726025059435096,487,1016,4,1,3.618097015908112
sinusoidal_binary,5.0,0.3579279095569616,-0.12156259383440518,0.2363653157225564,482,999,4,2,3.5095994865656275
sinusoidal_binary,7.0,0.023658081941314975,0.013435118776355837,0.03709320071767081,499,1027,4,0,5.043283717268311
sinusoidal_binary,7.0,8.584323134276682e-07,0.0010502461974948646,0.0010511046298082923,500,1016,4,1,5.045994661763743
sinusoidal_binary,7.0,0.07167805154582442,-0.024535139512660238,0.04714291203316418,497,999,4,2,4.909581883522284
sinusoidal_binary,10.0,5.5616705863733795e-09,0.007204948729105228,0.007204954290775814,500,1027,4,0,7.220845342444797
sinusoidal_binary,10.0,8.580062692063803e-10,5.1581838156449715e-05,5.1582696162718925e-05,500,1016,4,1,7.187841130547187
sinusoidal_binary,10.0,1.5449697466209287e-09,1.5867211890389407e-06,1.5882661587855616e-06,500,999,4,2,7.00955547895726
sinusoidal_binary,15.0,1.3070611260032047e-13,0.0005949403683959093,0.0005949403685266154,500,1027,4,0,10.850114717738945
sinusoidal_binary,15.0,8.952394381367773e-15,3.3830160917073894e-07,3.3830161812313334e-07,500,1016,4,1,10.757585245186267
sinusoidal_binary,15.0,1.2721157460769575e-14,1.985523404923161e-09,1.9855361260806215e-09,500,999,4,2,10.509511471348885
sinusoidal_binary,20.0,9.992007221626413e-16,4.905058062636652e-05,4.905058062736572e-05,500,1027,4,0,14.479384093033104
sinusoidal_binary,20.0,9.992007221626413e-16,2.21363104768732e-09,2.213632046888042e-09,500,1016,4,1,14.32732935982536
sinusoidal_binary,20.0,9.992007221626413e-16,2.4846262825165025e-12,2.485625483238665e-12,500,999,4,2,14.00946746374052
linear_binary,0.0,0.6729435285641059,0.007611595221314271,0.6805551237854202,244,1016,5,0,0.03966828681327151
linear_binary,0.0,0.6723464606636187,0.019200503082075104,0.6915469637456938,257,979,5,1,0.025903485447509964
linear_binary,0.0,0.679781952522746,0.007995372045189186,0.6877773245679352,250,1019,5,2,0.07670290446397826
linear_binary,1.0,0.6737227818295296,0.0038620001737409426,0.6775847820032705,278,1016,5,0,0.7022840243906879
linear_binary,1.0,0.6576882027034425,0.0278612261036979,0.6855494288071404,290,979,5,1,0.7452073311067413
linear_binary,1.0,0.6760654075098859,0.006962178524636875,0.6830275860345227,287,1019,5,2,0.6569558844773482
linear_binary,2.0,0.6524402027217033,0.005763283158835786,0.6582034858805391,312,1016,5,0,1.4173740650417606
linear_binary,2.0,0.6270330472404181,0.040749932752149,0.6677829799925671,327,979,5,1,1.4645111767659713
linear_binary,2.0,0.6399352881707725,0.019750888495870478,0.659686176666643,325,1019,5,2,1.3732586230386616
linear_binary,3.0,0.5910211936258704,0.013567927650555478,0.6045891212764258,353,1016,5,0,2.132464105692835
linear_binary,3.0,0.5717919390762533,0.06437816627105997,0.6361701053473132,364,979,5,1,2.1838150224252018
linear_binary,3.0,0.5840195675367017,0.03414128806044214,0.6181608555971438,361,1019,5,2,2.0895613615999755
linear_binary,5.0,0.44439457736417487,0.030611282169302978,0.47500585953347785,415,1016,5,0,3.562644186994982
linear_binary,5.0,0.45022147392447387,0.10016737975008627,0.5503888536745601,416,979,5,1,3.6224227137436675
linear_binary,5.0,0.43576618453714133,0.07061195891381133,0.5063781434509527,421,1019,5,2,3.5221668387226064
linear_binary,7.0,0.3080035964610204,0.03610887618120451,0.3441124726422249,452,1016,5,0,4.992824268297123
linear_binary,7.0,0.3420655987781119,0.124424176627695,0.4664897754058069,448,979,5,1,5.061030405062134
linear_binary,7.0,0.30653047919821474,0.08752929329628667,0.3940597724945014,454,1019,5,2,4.954772315845234
linear_binary,10.0,0.17749162694634146,0.026673383451060656,0.20416501039740212,478,1016,5,0,7.138094390250357
linear_binary,10.0,0.15025919241645316,0.19183586626329133,0.3420950586797445,483,979,5,1,7.218941942039823
linear_binary,10.0,0.15929962838036332,0.09188425891797197,0.2511838872983353,482,1019,5,2,7.1036805315291724
linear_binary,15.0,0.05453036940753363,0.013114254448994542,0.06764462385652817,495,1016,5,0,10.713544593505727
linear_binary,15.0,0.04945313578839281,0.16342619812244008,0.21287933391083289,496,979,5,1,10.81546117033598
linear_binary,15.0,0.04675979027518971,0.06602278974245993,0.11278258001764963,496,1019,5,2,10.685194224335744
linear_binary,20.0,0.014764037921559217,0.004629430667051215,0.019393468588610432,499,1016,5,0,14.2889947967611
linear_binary,20.0,0.0003653537263661553,0.1298032658688901,0.13016861959525625,500,979,5,1,14.41198039863213
linear_binary,20.0,0.003557041859697017,0.040809089810679745,0.044366131670376764,500,1019,5,2,14.26670791714232
interaction_binary,0.0,0.6873869862117916,-0.05686040889910782,0.6305265773126838,244,991,5,0,0.03789385953381858
interaction_binary,0.0,0.6889793503489793,-0.028320452768195392,0.6606588975807839,223,1021,5,1,0.031241847290391814
interaction_binary,0.0,0.6927780712552506,-0.05721899518826479,0.6355590760669858,223,1054,5,2,0.05107840156635313
interaction_binary,1.0,0.6745637835483722,-0.10141940108006142,0.5731443824683108,289,991,5,0,0.7554394354791395
interaction_binary,1.0,0.6858596131626371,-0.04396766356446247,0.6418919495981746,261,1021,5,1,0.7469540779385184
interaction_binary,1.0,0.6999349529706761,-0.09315701179851743,0.6067779411721587,260,1054,5,2,0.7594180415893919
interaction_binary,2.0,0.6580958060881521,-0.16376627492031726,0.49432953116783485,313,991,5,0,1.4729850114244616
interaction_binary,2.0,0.6734817861121722,-0.08777764325560267,0.5857041428565696,286,1021,5,1,1.462666308586645
interaction_binary,2.0,0.7073465566718832,-0.1646298980921509,0.5427166585797323,286,1054,5,2,1.467757681612431
interaction_binary,3.0,0.645437629158953,-0.20148511295146432,0.44395251620748866,320,991,5,0,2.1905305873697816
interaction_binary,3.0,0.6668075392516891,-0.1171592886630538,0.5496482505886353,303,1021,5,1,2.178378539234772
interaction_binary,3.0,0.7186694591568267,-0.2262437900417586,0.4924256691150681,300,1054,5,2,2.17609732163547
interaction_binary,5.0,0.6373903627670371,-0.14456895126237201,0.4928214115046651,330,991,5,0,3.6256217392604255
interaction_binary,5.0,0.7010793052970987,-0.13015374570522664,0.5709255595918721,306,1021,5,1,3.609803000531024
interaction_binary,5.0,0.7711006018345667,-0.2231931492268222,0.5479074526077445,310,1054,5,2,3.592776601681544
interaction_binary,7.0,0.6744639941970546,0.019887137216691664,0.6943511314137463,329,991,5,0,5.060712891151067
interaction_binary,7.0,0.7413738611825246,-0.11928966254164663,0.6220841986408779,316,1021,5,1,5.041227461827281
interaction_binary,7.0,0.8810789202565981,-0.14705039619130478,0.7340285240652933,308,1054,5,2,5.00945588172762
interaction_binary,10.0,0.7762436080760489,0.3483478765446526,1.1245914846207015,327,991,5,0,7.213349618987027
interaction_binary,10.0,0.8734452924075657,-0.07026341311014062,0.8031818792974251,318,1021,5,1,7.188364153771661
interaction_binary,10.0,1.1030987126153704,0.00877530065457055,1.111874013269941,305,1054,5,2,7.1344748017967365
interaction_binary,15.0,1.0025155567719808,0.8949054303410371,1.8974209871130179,329,991,5,0,10.801077498713639
interaction_binary,15.0,1.191805378806444,0.04434161722025243,1.2361469960266964,316,1021,5,1,10.766925307012297
interaction_binary,15.0,1.4425130133930193,0.2550660549680215,1.6975790683610408,316,1054,5,2,10.676173001911927
interaction_binary,20.0,1.2859490187848328,1.4239403526520888,2.7098893714369217,329,991,5,0,14.388805378440248
interaction_binary,20.0,1.5392780735091016,0.16291200469391365,1.7021900782030153,317,1021,5,1,14.345486460252928
interaction_binary,20.0,1.8772619530332786,0.5208644325821556,2.3981263856154342,316,1054,5,2,14.217871202027133
sinusoidal_binary,0.0,0.45358857830025023,0.03201039817776624,0.4855989764780165,217,1047,5,0,0.07359624027398307
sinusoidal_binary,0.0,0.44310709442185414,0.022586105406808388,0.46569319982866253,242,1017,5,1,0.09444803475901824
sinusoidal_binary,0.0,0.4230214307842414,0.024630403182247684,0.4476518339664891,254,991,5,2,0.020920555674757722
sinusoidal_binary,1.0,0.37042405182260496,0.03011733572173786,0.4005413875443428,389,1047,5,0,0.6890164843534489
sinusoidal_binary,1.0,0.32319999392170157,0.03715107712640825,0.3603510710481098,388,1017,5,1,0.6536514920858362
sinusoidal_binary,1.0,0.387394867525058,0.0021617200666975145,0.3895565875917555,389,991,5,2,0.724426930803392
sinusoidal_binary,2.0,0.2399088463499531,0.00544136816057611,0.2453502145105292,461,1047,5,0,1.4298738487512814
sinusoidal_binary,2.0,0.2170283613635851,0.00048780617286270367,0.2175161675364478,471,1017,5,1,1.366110960582862
sinusoidal_binary,2.0,0.3164074599345313,-0.0458177421765954,0.2705897177579359,452,991,5,2,1.4442422825168861
sinusoidal_binary,3.0,0.26579884521347724,-0.06324602305721697,0.20255282215626028,476,1047,5,0,2.1707312131491183
sinusoidal_binary,3.0,0.21683639059251872,-0.054249504321396386,0.16258688627112233,484,1017,5,1,2.0785704290798868
sinusoidal_binary,3.0,0.3394412154389967,-0.11790065398931429,0.2215405614496824,474,991,5,2,2.164057634230378
sinusoidal_binary,5.0,0.2799110571094676,-0.11428149453490988,0.16562956257455774,483,1047,5,0,3.6524459419447837
sinusoidal_binary,5.0,0.18687488417080178,-0.07472833258272771,0.11214655158807407,490,1017,5,1,3.503489366073938
sinusoidal_binary,5.0,0.43515655057966024,-0.2058795957823,0.22927695479736024,478,991,5,2,3.6036883376573643
sinusoidal_binary,7.0,0.040265131499426905,-0.016809619345777682,0.023455512153649223,498,1047,5,0,5.134160670740457
sinusoidal_binary,7.0,0.04829784500436348,-0.019700728007951866,0.028597116996411615,498,1017,5,1,4.928408303067991
sinusoidal_binary,7.0,0.05046807735081002,-0.02471277814757891,0.02575529920323111,498,991,5,2,5.043319041084352
sinusoidal_binary,10.0,4.3321703344605174e-08,5.8695725275846264e-05,5.873904697919087e-05,500,1047,5,0,7.356732763933966
sinusoidal_binary,10.0,1.4690372590047982e-09,7.307316544327637e-06,7.308785581586642e-06,500,1017,5,1,7.065786708559061
sinusoidal_binary,10.0,2.282009327304222e-09,3.474747403828806e-05,3.4749756047615364e-05,500,991,5,2,7.202765096224829
sinusoidal_binary,15.0,3.3126896782614725e-12,4.0862267245411985e-07,4.086259851437981e-07,500,1047,5,0,11.061019585923129
sinusoidal_binary,15.0,1.8484103136986637e-14,1.8290319401704812e-08,1.829033788580795e-08,500,1017,5,1,10.628084051044192
sinusoidal_binary,15.0,2.979483326728628e-14,2.071955477121645e-07,2.0719557750699776e-07,500,991,5,2,10.801841854792293
sinusoidal_binary,20.0,1.12532205776006e-15,2.840105213642706e-09,2.840106338964764e-09,500,1047,5,0,14.765306407912286
sinusoidal_binary,20.0,9.992007221626413e-16,4.6383008104044397e-11,4.638400730476656e-11,500,1017,5,1,14.190381393529316
sinusoidal_binary,20.0,9.992007221626413e-16,1.235182865487204e-09,1.235183864687926e-09,500,991,5,2,14.400918613359776
linear_binary,0.0,0.6877698447797768,0.00281046355937975,0.6905803083391565,261,977,6,0,0.054419090543219126
linear_binary,0.0,0.6880094836633394,-0.0006145812493415503,0.6873949024139978,249,1001,6,1,0.012607208253376126
linear_binary,0.0,0.6786937405663248,0.0013290544362398737,0.6800227950025647,256,1005,6,2,0.006653564953505512
linear_binary,1.0,0.6680211225135511,0.009973821629340796,0.6779949441428919,306,977,6,0,0.7888949725006417
linear_binary,1.0,0.6701418532775054,0.005622008745541862,0.6757638620230473,288,1001,6,1,0.71363134715275
linear_binary,1.0,0.6649257387191689,-0.0007517355883120969,0.6641740031308568,295,1005,6,2,0.7063937234772637
linear_binary,2.0,0.6113481335745,0.027446626604808788,0.6387947601793088,354,977,6,0,1.5233708544580622
linear_binary,2.0,0.6386245309711494,0.0179892057114025,0.6566137366825519,325,1001,6,1,1.4146554860521234
linear_binary,2.0,0.6263442999253748,-0.0013507567997397274,0.624993543125635,339,1005,6,2,1.406133882001023
linear_binary,3.0,0.5366270721773051,0.04438350706949057,0.5810105792467957,392,977,6,0,2.2578467364154844
linear_binary,3.0,0.5892335476466662,0.04247137056660111,0.6317049182132674,360,1001,6,1,2.1156796249515004
linear_binary,3.0,0.5868025700954423,-0.0031231158096042266,0.5836794542858381,363,1005,6,2,2.1058740405247804
linear_binary,5.0,0.3993745561919251,0.09085059062034734,0.4902251468122724,435,977,6,0,3.7267985003303283
linear_binary,5.0,0.44888939687674506,0.11733910807736198,0.566228504954107,418,1001,6,1,3.517727902750244
linear_binary,5.0,0.4540000987656494,-0.0013505809752091813,0.4526495177904402,418,1005,6,2,3.5053543575723
linear_binary,7.0,0.27207039016919576,0.11443546625055478,0.38650585641975055,463,977,6,0,5.195750264245167
linear_binary,7.0,0.3488591802603359,0.16293768993815338,0.5117968701984893,445,1001,6,1,4.919776180548988
linear_binary,7.0,0.3083188903183366,0.002846254974607887,0.3111651452929445,457,1005,6,2,4.904834674619814
linear_binary,10.0,0.09100115139470845,0.1563130669259366,0.24731421832064504,494,977,6,0,7.399177910117433
linear_binary,10.0,0.23279931646785143,0.20580081661416785,0.4386001330820193,470,1001,6,1,7.022848597247114
linear_binary,10.0,0.17640907282074644,0.004751468376676782,0.18116054119742322,480,1005,6,2,7.004055150191095
linear_binary,15.0,0.02239191689531956,0.11867249483867509,0.14106441173399464,499,977,6,0,11.071557319904548
linear_binary,15.0,0.07486057795465285,0.25296088028455604,0.3278214582392089,493,1001,6,1,10.527969291743991
linear_binary,15.0,0.06010417622040702,0.0006074556771117137,0.060711631897518735,495,1005,6,2,10.502755942809886
linear_binary,20.0,0.0032586880361565305,0.07719946018696423,0.08045814822312077,500,977,6,0,14.743936729691647
linear_binary,20.0,0.05382100852354137,0.20299771526735688,0.25681872379089826,496,1001,6,1,14.033089986240846
linear_binary,20.0,0.0158898128160169,0.00042231504881390033,0.0163121278648308,499,1005,6,2,14.00145673542867
interaction_binary,0.0,0.6857301775310191,-0.042068911596117475,0.6436612659349016,261,1011,6,0,0.04460280607894673
interaction_binary,0.0,0.6900888957201233,-0.08032213975245817,0.6097667559676652,248,1019,6,1,0.03243212617211799
interaction_binary,0.0,0.6934693035855768,-0.08556216422735596,0.6079071393582208,254,1009,6,2,0.023441268364017984
interaction_binary,1.0,0.6695939258175982,-0.09842981651165805,0.5711641093059402,294,1011,6,0,0.7114754047751138
interaction_binary,1.0,0.708626006647884,-0.10089502232778036,0.6077309843201036,264,1019,6,1,0.7434780423271748
interaction_binary,1.0,0.6890671400442208,-0.11148445043978394,0.5775826896044368,277,1009,6,2,0.7386258029448359
interaction_binary,2.0,0.6594931907587674,-0.1630893201013584,0.49640387065740904,315,1011,6,0,1.4533774893773217
interaction_binary,2.0,0.7240481441881356,-0.15662530628467541,0.5674228379034602,285,1019,6,1,1.454523958482233
interaction_binary,2.0,0.6811362651735999,-0.20261579140331964,0.4785204737702803,292,1009,6,2,1.4538103375256528
interaction_binary,3.0,0.6710038122120054,-0.22134174242785765,0.4496620697841478,319,1011,6,0,2.195279573979526
interaction_binary,3.0,0.7503652178238653,-0.2124625424773069,0.5379026753465584,291,1019,6,1,2.1655698746372907
interaction_binary,3.0,0.6825830997648246,-0.25870506734620774,0.4238780324186168,302,1009,6,2,2.16899487210647
interaction_binary,5.0,0.7219591702457765,-0.33555469703447643,0.38640447321130006,327,1011,6,0,3.6790837431839405
interaction_binary,5.0,0.8482039582248461,-0.23114264547920205,0.617061312745644,295,1019,6,1,3.5876617069474035
interaction_binary,5.0,0.7128468814382338,-0.31836279171388915,0.3944840897243447,309,1009,6,2,3.5993639412681078
interaction_binary,7.0,0.8639519805171538,-0.4661816985792229,0.3977702819379309,321,1011,6,0,5.162887912388353
interaction_binary,7.0,0.9937825849728946,-0.19900977608474346,0.7947728088881512,299,1019,6,1,5.009753539257514
interaction_binary,7.0,0.7916314731642514,-0.2934938507514162,0.4981376224128352,307,1009,6,2,5.0297330104297435
interaction_binary,10.0,1.1115589030727866,-0.6711055930528798,0.44045331001990684,322,1011,6,0,7.388594166194975
interaction_binary,10.0,1.2695475355169723,-0.12348248174058374,1.1460650537763886,302,1019,6,1,7.14289128772269
interaction_binary,10.0,0.9795449625595808,-0.19235819115141972,0.7871867714081611,301,1009,6,2,7.175286614172191
interaction_binary,15.0,1.6502767771370406,-1.0387280859626555,0.6115486911743849,317,1011,6,0,11.098104589206017
interaction_binary,15.0,1.8428180558140201,0.01966386295582434,1.8624819187698445,300,1019,6,1,10.69812086849797
interaction_binary,15.0,1.35671678629253,0.052305099202313965,1.409021885494844,299,1009,6,2,10.751209287076284
interaction_binary,20.0,2.1542388845262592,-1.3489706473787573,0.8052682371475021,320,1011,6,0,14.807615012217068
interaction_binary,20.0,2.431645255792873,0.16400070141466783,2.595645957207541,300,1019,6,1,14.253350449273247
interaction_binary,20.0,1.7585706441010962,0.3067932728567122,2.0653639169578084,300,1009,6,2,14.327131959980367
sinusoidal_binary,0.0,0.43857343032046114,0.11517929901386903,0.5537527293343302,251,999,6,0,0.03766262818535931
sinusoidal_binary,0.0,0.45373077831557795,-0.0034917174097531256,0.45023906090582483,265,985,6,1,0.034923269218063484
sinusoidal_binary,0.0,0.43470454743585496,0.0230996582919622,0.45780420572781716,250,1012,6,2,0.03466211642409945
sinusoidal_binary,1.0,0.3069643302470708,0.1836981263999286,0.4906624566469994,391,999,6,0,0.7535996335801222
sinusoidal_binary,1.0,0.3707431635646413,-0.011483922725036788,0.35925924083960453,390,985,6,1,0.7424916125782924
sinusoidal_binary,1.0,0.386862286555293,0.000838650594522039,0.387700937149815,394,1012,6,2,0.7015358182102147
sinusoidal_binary,2.0,0.27582897878265056,0.1120594230347991,0.38788840181744966,465,999,6,0,1.4695366389748823
sinusoidal_binary,2.0,0.3517664462253155,-0.03833465539322323,0.31343179083209227,458,985,6,1,1.4500599559385223
sinusoidal_binary,2.0,0.2653807901401494,-0.027078225897703784,0.23830256424244564,462,1012,6,2,1.4097589109837396
sinusoidal_binary,3.0,0.27793780719597216,0.011608552826503749,0.2895463600224759,479,999,6,0,2.1854736443696416
sinusoidal_binary,3.0,0.3629991453780774,-0.06653356066599947,0.29646558471207796,478,985,6,1,2.1576282992987523
sinusoidal_binary,3.0,0.26853611947370226,-0.08900128994022735,0.1795348295334749,482,1012,6,2,2.117982003757268
sinusoidal_binary,5.0,0.24465562162991708,-0.09052024013311444,0.15413538149680264,488,999,6,0,3.6173476551591675
sinusoidal_binary,5.0,0.36273851426962883,-0.077297520194266,0.28544099407536283,483,985,6,1,3.57276498601921
sinusoidal_binary,5.0,0.2876851927470356,-0.1403143456923894,0.14737084705464618,487,1012,6,2,3.5344281893043177
sinusoidal_binary,7.0,0.021943561383243174,0.027089874620437604,0.04903343600368078,499,999,6,0,5.04922166594869
sinusoidal_binary,7.0,0.03591580293088846,-0.00826358237759069,0.02765222055329777,499,985,6,1,4.987901672739666
sinusoidal_binary,7.0,0.022710049716095894,-0.010663229656674812,0.012046820059421082,499,1012,6,2,4.950874374851369
sinusoidal_binary,10.0,1.739555834447426e-09,0.012062376863623657,0.012062378603179491,500,999,6,0,7.197032682132982
sinusoidal_binary,10.0,1.6065693465296394e-09,7.432535288498437e-08,7.593192223151401e-08,500,985,6,1,7.110606702820354
sinusoidal_binary,10.0,1.5921116572603807e-09,4.3726232808819384e-05,4.3727824920476644e-05,500,1012,6,2,7.075543653171944
sinusoidal_binary,15.0,2.0549784096605764e-14,0.001302758963776454,0.0013027589637970038,500,999,6,0,10.776717709106796
sinusoidal_binary,15.0,7.220002373748726e-15,1.1089956070434997e-11,1.1097176072808747e-11,500,985,6,1,10.648448419621506
sinusoidal_binary,15.0,1.825095630181649e-14,2.988098940088007e-07,2.98809912259757e-07,500,1012,6,2,10.61665911703957
sinusoidal_binary,20.0,9.992007221626413e-16,0.00013926921722117299,0.00013926921722217219,500,999,6,0,14.356402736080598
sinusoidal_binary,20.0,9.992007221626413e-16,1.2747580768747281e-15,2.2739587990373694e-15,500,985,6,1,14.186290136422654
sinusoidal_binary,20.0,9.992007221626413e-16,2.029446097588322e-09,2.0294470967890443e-09,500,1012,6,2,14.157774580907189
linear_binary,0.0,0.6686266073283967,0.001774016470369677,0.6704006237987664,251,997,7,0,0.01917452920496103
linear_binary,0.0,0.694617552127355,-0.001422904199262498,0.6931946479280925,247,1011,7,1,0.06292557889983222
linear_binary,0.0,0.678838502122624,0.0032560966816093107,0.6820945988042333,255,1000,7,2,0.01792378442229644
linear_binary,1.0,0.6640771535589264,0.0009751720775079686,0.6650523256364343,296,997,7,0,0.7318074746006196
linear_binary,1.0,0.6845704995425604,0.0011127896286947658,0.6856832891712552,288,1011,7,1,0.6743347643225942
linear_binary,1.0,0.6623832332226787,0.0048861519342181525,0.6672693851568968,299,1000,7,2,0.7189098645153397
linear_binary,2.0,0.6366230682381702,-0.001674243787960883,0.6349488244502093,328,997,7,0,1.4444404199962775
linear_binary,2.0,0.6462534594532138,0.001754776782253109,0.6480082362354669,331,1011,7,1,1.3861712196859939
linear_binary,2.0,0.6199218982394484,0.013965051430761988,0.6338869496702104,338,1000,7,2,1.419895944608382
linear_binary,3.0,0.577817275908131,-0.0028219610428346087,0.5749953148652964,364,997,7,0,2.1570733653919376
linear_binary,3.0,0.5863726178762838,0.008611557433366057,0.5949841753096499,364,1011,7,1,2.0980076750493932
linear_binary,3.0,0.5645277728825151,0.03121036298538815,0.5957381358679033,372,1000,7,2,2.1208820247014235
linear_binary,5.0,0.42744775477134134,-0.003592299319374659,0.4238554554519667,423,997,7,0,3.582339256183254
linear_binary,5.0,0.43395996497316,0.010949155165868585,0.44490912013902856,422,1011,7,1,3.521680585776192
linear_binary,5.0,0.4252183993136435,0.07942713738134993,0.5046455366949935,426,1000,7,2,3.5228541848875086
linear_binary,7.0,0.31543914154356034,-0.004725489539102012,0.31071365200445833,452,997,7,0,5.00760514697457
linear_binary,7.0,0.269264001949185,0.009964005627873973,0.27922800757705896,461,1011,7,1,4.945353496502993
linear_binary,7.0,0.2944114448715827,0.12235421936901614,0.41676566424059885,460,1000,7,2,4.924826345073594
linear_binary,10.0,0.2212070903620717,-0.00854628555132575,0.21266080481074595,474,997,7,0,7.145503983161553
linear_binary,10.0,0.16418792774345373,0.013732592846175784,0.1779205205896295,481,1011,7,1,7.080862862593198
linear_binary,10.0,0.15019887470649204,0.15819502834558055,0.3083939030520726,485,1000,7,2,7.0277845853527205
linear_binary,15.0,0.10952482219603271,-0.005973902696581865,0.10355091949945085,491,997,7,0,10.708668710139849
linear_binary,15.0,0.02609868313653844,0.001918363628691109,0.02801704676522955,498,1011,7,1,10.640045139410208
linear_binary,15.0,0.03713593032476298,0.1506831573252802,0.18781908765004318,498,1000,7,2,10.53271498581793
linear_binary,20.0,0.03318803409940674,-0.0016665544969576215,0.031521479602449116,498,997,7,0,14.271833437118136
linear_binary,20.0,0.000613995456193025,-0.0004757193660881358,0.00013827609010488918,500,1011,7,1,14.199227416227217
linear_binary,20.0,0.015743932288340534,0.10647177357427028,0.12221570586261081,499,1000,7,2,14.037645386283163
interaction_binary,0.0,0.6855088181618946,-0.02669848670709052,0.658810331454804,242,966,7,0,0.09145923219885564
interaction_binary,0.0,0.690481406129838,-0.0199583711788901,0.6705230349509479,247,992,7,1,0.06730173633423005
interaction_binary,0.0,0.6921882054441061,-0.05587931921063127,0.6363088862334748,224,1026,7,2,0.025335353134687592
interaction_binary,1.0,0.6912221480711332,-0.047782599590774244,0.643439548480359,272,966,7,0,0.8247414275277044
interaction_binary,1.0,0.6873472049687466,-0.03456621085080147,0.6527809941179451,271,992,7,1,0.771998631400331
interaction_binary,1.0,0.7007923281144426,-0.13147076758756626,0.5693215605268763,256,1026,7,2,0.7419486145409594
interaction_binary,2.0,0.68477512853972,-0.08337895397428075,0.6013961745654393,301,966,7,0,1.5580236228565514
interaction_binary,2.0,0.6730659661678623,-0.07324841065910037,0.5998175555087619,291,992,7,1,1.4766955264664323
interaction_binary,2.0,0.7193608359731382,-0.2232784050496911,0.49608243092344706,266,1026,7,2,1.4585618759472307
interaction_binary,3.0,0.6778498006852454,-0.11669919964463205,0.5611506010406133,310,966,7,0,2.2913058181853994
interaction_binary,3.0,0.678617990991967,-0.10482849141538042,0.5737894995765865,295,992,7,1,2.181392421532533
interaction_binary,3.0,0.7415030818137305,-0.28719813165622216,0.4543049501575083,276,1026,7,2,2.1751751373534995
interaction_binary,5.0,0.6717005132801046,-0.1431731759906293,0.5285273372894753,326,966,7,0,3.757870208843096
interaction_binary,5.0,0.7272894306356804,-0.15380249233434928,0.5734869383013311,295,992,7,1,3.5907862116647333
interaction_binary,5.0,0.7780359291657228,-0.3322770908430694,0.44575883832265345,298,1026,7,2,3.608401660166047
interaction_binary,7.0,0.7012095819768288,-0.15982300881063138,0.5413865731661974,328,966,7,0,5.224434599500797
interaction_binary,7.0,0.8263666308295265,-0.20128770403472718,0.6250789267947994,292,992,7,1,5.000180001796937
interaction_binary,7.0,0.8704510126127551,-0.32548704261778627,0.5449639699949689,301,1026,7,2,5.041628182978594
interaction_binary,10.0,0.7899678102925488,-0.1878066165118959,0.6021611937806529,330,966,7,0,7.424281185487333
interaction_binary,10.0,1.0153194868265885,-0.2658096346084219,0.7495098522181666,292,992,7,1,7.114270686995242
interaction_binary,10.0,1.0741224108236997,-0.2640019354414974,0.8101204753822023,300,1026,7,2,7.191467967197401
interaction_binary,15.0,1.0425517172062213,-0.2626746611074028,0.7798770560988185,326,966,7,0,11.090692162131576
interaction_binary,15.0,1.3437385253306366,-0.36703197381143116,0.9767065515192055,302,992,7,1,10.637755162325744
interaction_binary,15.0,1.490349515901076,-0.09745909638927719,1.3928904195117988,299,1026,7,2,10.774534274228756
interaction_binary,20.0,1.3311767782713955,-0.3476970527509563,0.9834797255204392,326,966,7,0,14.757103138775827
interaction_binary,20.0,1.7606235992673778,-0.46934088884046,1.2912827104269178,302,992,7,1,14.16123963765624
interaction_binary,20.0,1.925887588111314,0.09080355279832708,2.016691140909641,301,1026,7,2,14.357600581260103
sinusoidal_binary,0.0,0.42843839984086673,0.058453672989481786,0.4868920728303485,245,1053,7,0,0.019680460763321403
sinusoidal_binary,0.0,0.46855197647973873,0.004033395221482827,0.47258537170122156,237,956,7,1,0.026838763390755593
sinusoidal_binary,0.0,0.3816775346572955,0.0028007233212872795,0.38447825797858276,262,1005,7,2,0.04012488940780574
sinusoidal_binary,1.0,0.3929312177393623,0.0025795132890715222,0.3955107310284338,387,1053,7,0,0.7352239287819318
sinusoidal_binary,1.0,0.4088829162034969,-0.00608095027213712,0.4028019659313598,382,956,7,1,0.7524764672827267
sinusoidal_binary,1.0,0.3219869919680216,0.0015588596577205127,0.3235458516257421,404,1005,7,2,0.7670906514788189
sinusoidal_binary,2.0,0.36283389208267985,-0.06971481984923616,0.2931190722334437,455,1053,7,0,1.4507673968005415
sinusoidal_binary,2.0,0.3376823274629492,-0.03176088362613183,0.30592144383681735,456,956,7,1,1.4781141711746977
sinusoidal_binary,2.0,0.220009719521525,-0.009953816887092931,0.21005590263443208,466,1005,7,2,1.4940564135498298
sinusoidal_binary,3.0,0.459116093499797,-0.175023112365082,0.284092981134715,470,1053,7,0,2.166310864819152
sinusoidal_binary,3.0,0.4506395811178858,-0.08008986214193398,0.37054971897595185,470,956,7,1,2.2037518750666685
sinusoidal_binary,3.0,0.2940611939582913,-0.021305722012188555,0.2727554719461027,480,1005,7,2,2.221022175620844
sinusoidal_binary,5.0,0.35193464728048607,-0.1640029804727145,0.18793166680777157,483,1053,7,0,3.597397800856374
sinusoidal_binary,5.0,0.40946331879140646,-0.0870780624667905,0.32238525632461595,481,956,7,1,3.6550272828506065
sinusoidal_binary,5.0,0.3160913864228636,-0.03082529622621688,0.2852660901966467,485,1005,7,2,3.674953699762868
sinusoidal_binary,7.0,1.743856593340797e-06,0.0005412284427822497,0.0005429722993755905,500,1053,7,0,5.028484736893595
sinusoidal_binary,7.0,0.043108626396749256,-0.00836825310709629,0.034740373289652966,498,956,7,1,5.106302690634548
sinusoidal_binary,7.0,0.025004333915052367,-0.002723736005744215,0.022280597909308152,499,1005,7,2,5.128885223904894
sinusoidal_binary,10.0,2.281963948802249e-09,1.891741437667535e-05,1.8919696340624152e-05,500,1053,7,0,7.175115140949431
sinusoidal_binary,10.0,1.468544478141382e-09,1.6583644608511395e-07,1.6730499056325533e-07,500,956,7,1,7.283215802310469
sinusoidal_binary,10.0,2.0093370513945845e-10,1.763331154501827e-09,1.9642648596412854e-09,500,1005,7,2,7.30978251011794
sinusoidal_binary,15.0,3.5908165330069176e-14,7.286251725846406e-08,7.28625531666294e-08,500,1053,7,0,10.752832481042482
sinusoidal_binary,15.0,1.62192481667518e-14,5.197127862309889e-11,5.198749787126564e-11,500,956,7,1,10.91140432177032
sinusoidal_binary,15.0,1.5834000777204048e-15,4.326805580491296e-14,4.4851455882633365e-14,500,1005,7,2,10.944611320472994
sinusoidal_binary,20.0,9.992007221626413e-16,2.8334986191582284e-10,2.83350861116545e-10,500,1053,7,0,14.330549821135525
sinusoidal_binary,20.0,9.992007221626413e-16,1.5127676888938317e-14,1.6126877611100958e-14,500,956,7,1,14.539592841230185
sinusoidal_binary,20.0,9.992007221626413e-16,0.0,9.992007221626413e-16,500,1005,7,2,14.579440130828063
linear_binary,0.0,0.670097629720507,-0.0013487274532240079,0.668748902267283,250,996,8,0,0.018095976376606208
linear_binary,0.0,0.6816343518743072,0.005284421660904148,0.6869187735352114,235,1034,8,1,0.06048212935789012
linear_binary,0.0,0.6869798956223124,-0.000867834245547372,0.6861120613767651,246,1011,8,2,0.02746679365089442
linear_binary,1.0,0.6549280644776849,-0.004539919675663251,0.6503881448020217,291,996,8,0,0.7341523140166376
linear_binary,1.0,0.6793263435808685,0.005501266799110338,0.6848276103799789,275,1034,8,1,0.7610356980902094
linear_binary,1.0,0.6766350732289683,-0.00041287331453410125,0.6762221999144342,285,1011,8,2,0.7010482552506861
linear_binary,2.0,0.6215165217998437,-0.002412195826034136,0.6191043259738096,327,996,8,0,1.4502086516566692
linear_binary,2.0,0.6471673773256138,0.004738355123586668,0.6519057324492005,319,1034,8,1,1.4615892668225279
linear_binary,2.0,0.623134420012108,0.010840962337074544,0.6339753823491825,330,1011,8,2,1.403670111106838
linear_binary,3.0,0.569160911869181,-0.0014118871707798908,0.5677490246984012,363,996,8,0,2.1662649892966988
linear_binary,3.0,0.5989159019936412,0.003828226582334837,0.602744128575976,352,1034,8,1,2.1621428355548495
linear_binary,3.0,0.5727548426664845,0.016210407459837484,0.588965250126322,362,1011,8,2,2.106291966962986
linear_binary,5.0,0.4492518312400742,-0.00018291000182191208,0.44906892123825226,413,996,8,0,3.598377664576761
linear_binary,5.0,0.4710696390124738,-0.001691790151783168,0.4693778488606906,408,1034,8,1,3.563249973019484
linear_binary,5.0,0.4355262043683082,0.028844492864651072,0.46437069723295926,418,1011,8,2,3.5115356786752896
linear_binary,7.0,0.32828592921530786,-0.0010811422730520048,0.32720478694225585,449,996,8,0,5.030490339856825
linear_binary,7.0,0.31063192087099584,0.001296071650258468,0.3119279925212543,452,1034,8,1,4.964357110484124
linear_binary,7.0,0.3038082554236253,0.03839186419978652,0.3422001196234118,454,1011,8,2,4.916779390387592
linear_binary,10.0,0.1854086876987706,-0.004244090659227762,0.18116459703954285,478,996,8,0,7.178659352776922
linear_binary,10.0,0.16801636078145923,-0.0011286934297899953,0.16688766735166924,480,1034,8,1,7.066017816681087
linear_binary,10.0,0.18777030520283225,0.028094765211581968,0.21586507041441422,478,1011,8,2,7.024644957956044
linear_binary,15.0,0.06875791719922952,-0.0027943659622747807,0.06596355123695474,494,996,8,0,10.758941040977072
linear_binary,15.0,0.005111338709370069,0.0012714872296591224,0.006382825939029191,500,1034,8,1,10.568785660342684
linear_binary,15.0,0.03674690023311292,0.03293976978673807,0.06968667001985099,497,1011,8,2,10.537754237236797
linear_binary,20.0,0.04419116533410558,-0.002468191472452523,0.04172297386165306,497,996,8,0,14.339222729177232
linear_binary,20.0,0.0008919049058920771,0.00028906405171611567,0.0011809689576081927,500,1034,8,1,14.07155350400428
linear_binary,20.0,0.0005893689419685857,0.020631408920456173,0.02122077786242476,500,1011,8,2,14.050863516517547
interaction_binary,0.0,0.6825822009794437,-0.06990327812848851,0.6126789228509552,244,991,8,0,0.029087596082744988
interaction_binary,0.0,0.6999675033680783,-0.0780260079831806,0.6219414953848977,243,996,8,1,0.054567171557971146
interaction_binary,0.0,0.6910749393515254,-0.06371737415775147,0.627357565193774,241,995,8,2,0.10194563402415184
interaction_binary,1.0,0.6764102475350742,-0.09977279032750674,0.5766374572075674,270,991,8,0,0.7088444783126356
interaction_binary,1.0,0.6815986279799124,-0.08773934909205705,0.5938592788878554,273,996,8,1,0.7060699623229317
interaction_binary,1.0,0.6743911062158625,-0.09164193683086108,0.5827491693850014,280,995,8,2,0.6426022118294477
interaction_binary,2.0,0.6668243022434549,-0.16531136881616892,0.501512933427286,287,991,8,0,1.4281325302174614
interaction_binary,2.0,0.6618387533183391,-0.18139511439031325,0.48044363892802583,297,996,8,1,1.4410000451860288
interaction_binary,2.0,0.6606659849284522,-0.1587052376619641,0.5019607472664881,301,995,8,2,1.3580130206959868
interaction_binary,3.0,0.6569321088712838,-0.21600627906338782,0.440925829807896,307,991,8,0,2.147420582122286
interaction_binary,3.0,0.6582687025763759,-0.2595114881769875,0.39875721439938844,304,996,8,1,2.175930128049128
interaction_binary,3.0,0.6629230296606651,-0.22689980770454393,0.43602322195612114,306,995,8,2,2.0734238295625294
interaction_binary,5.0,0.684776231961708,-0.25730816421389835,0.42746806774780965,308,991,8,0,3.585996685931944
interaction_binary,5.0,0.681605411051488,-0.3432284647176441,0.33837694633384385,310,996,8,1,3.6457902937753217
interaction_binary,5.0,0.682435875384339,-0.2592131806030821,0.4232226947812569,319,995,8,2,3.5042454472956077
interaction_binary,7.0,0.7336113888586672,-0.253862537086031,0.47974885177263615,311,991,8,0,5.0245727897415975
interaction_binary,7.0,0.7316084207549943,-0.418306619618647,0.3133018011363473,315,996,8,1,5.115650459501516
interaction_binary,7.0,0.7626220504421336,-0.2631982172393332,0.4994238332028004,319,995,8,2,4.935067065028686
interaction_binary,10.0,0.8588878752884063,-0.2106928117628204,0.6481950635255859,310,991,8,0,7.182436945456071
interaction_binary,10.0,0.8715677899308619,-0.5691754487431011,0.3023923411877608,316,996,8,1,7.320440708090818
interaction_binary,10.0,0.9519266497108203,-0.2318217681259782,0.7201048815848421,317,995,8,2,7.0812994916282985
interaction_binary,15.0,1.1318538353083791,-0.11037515151646726,1.0214786837919119,312,991,8,0,10.778877204980192
interaction_binary,15.0,1.1657569677540578,-0.8615212942218216,0.3042356735322363,320,996,8,1,10.995091122406306
interaction_binary,15.0,1.3091304572078637,-0.1552964378650179,1.1538340193428458,321,995,8,2,10.658353535960996
interaction_binary,20.0,1.4623252829260251,-0.0012046048925742348,1.461120678033451,312,991,8,0,14.375317464504315
interaction_binary,20.0,1.5004649114642088,-1.1651870419076769,0.335277869556532,323,996,8,1,14.669741536721773
interaction_binary,20.0,1.7275471539884943,-0.05762188165812043,1.669925272330374,321,995,8,2,14.235407580293725
sinusoidal_binary,0.0,0.4658773232352481,0.06276808036990256,0.5286454036051507,261,1059,8,0,0.04405995482359805
sinusoidal_binary,0.0,0.4033804211007407,0.003349657584028054,0.40673007868476874,247,1029,8,1,0.02016396787051687
sinusoidal_binary,0.0,0.38817050115782625,0.0012911911642787821,0.38946169232210504,266,1003,8,2,0.017695248394501494
sinusoidal_binary,1.0,0.3134108286687059,0.11446461716551232,0.4278754458342182,400,1059,8,0,0.7670525083936672
sinusoidal_binary,1.0,0.3840497815479873,-0.014623878713807215,0.3694259028341801,392,1029,8,1,0.7332507083130002
sinusoidal_binary,1.0,0.30110674560898815,0.008687162703879703,0.30979390831286785,395,1003,8,2,0.7369140235293986
sinusoidal_binary,2.0,0.28665823449607764,0.03532541903356473,0.32198365352964237,458,1059,8,0,1.4900450619637347
sinusoidal_binary,2.0,0.2862188291944043,-0.03243241038622141,0.25378641880818287,460,1029,8,1,1.446337448755483
sinusoidal_binary,2.0,0.18592291307711303,0.005143966557910995,0.19106687963502403,471,1003,8,2,1.4561327986642945
sinusoidal_binary,3.0,0.42658468607542466,-0.1557531077022114,0.27083157837321326,471,1059,8,0,2.213037615533801
sinusoidal_binary,3.0,0.3775093890743101,-0.08628898957031644,0.29122039950399364,475,1029,8,1,2.1594241891979666
sinusoidal_binary,3.0,0.20932639024110097,0.010154775085361362,0.21948116532646234,483,1003,8,2,2.1753515737991935
sinusoidal_binary,5.0,0.35747247647349817,-0.20255061769067612,0.15492185878282205,483,1059,8,0,3.659022722673941
sinusoidal_binary,5.0,0.2910896488982784,-0.07958480309770671,0.21150484580057166,486,1029,8,1,3.5855976700829326
sinusoidal_binary,5.0,0.26619148031494577,0.0072730387402905605,0.27346451905523633,486,1003,8,2,3.6137891240689908
sinusoidal_binary,7.0,1.4220260720715438e-06,0.02833661098551841,0.028338033011590484,500,1059,8,0,5.105007829814078
sinusoidal_binary,7.0,0.046939630386377926,-0.013354345836230554,0.03358528455014737,498,1029,8,1,5.011771150967898
sinusoidal_binary,7.0,0.049244292730982506,0.0011450080118596204,0.050389300742842126,498,1003,8,2,5.052226674338788
sinusoidal_binary,10.0,1.4755541820070321e-09,0.006846637074697712,0.006846638550251894,500,1059,8,0,7.273985490524288
sinusoidal_binary,10.0,3.258292867914908e-10,1.5822753864924562e-07,1.5855336793603712e-07,500,1029,8,1,7.151031372295343
sinusoidal_binary,10.0,1.2690841641624951e-09,4.9447881528247755e-11,1.3185320456907429e-09,500,1003,8,2,7.209882999743485
sinusoidal_binary,15.0,1.6069812147639793e-14,0.0006149044363299077,0.0006149044363459776,500,1059,8,0,10.888948258374631
sinusoidal_binary,15.0,2.2506441155201456e-15,4.4656910178269065e-11,4.4659160822384584e-11,500,1029,8,1,10.716465074507761
sinusoidal_binary,15.0,1.433742014001163e-14,8.862910405585027e-15,2.3200330545596658e-14,500,1003,8,2,10.805976875417974
sinusoidal_binary,20.0,9.992007221626413e-16,5.4647946588586256e-05,5.464794658958546e-05,500,1059,8,0,14.503911026224968
sinusoidal_binary,20.0,9.992007221626413e-16,1.1653122911071236e-14,1.2652323633233877e-14,500,1029,8,1,14.281898776720185
sinusoidal_binary,20.0,9.992007221626413e-16,0.0,9.992007221626413e-16,500,1003,8,2,14.402070751092456
linear_binary,0.0,0.6757402580768461,0.0019001718448266036,0.6776404299216727,259,1019,9,0,0.03000241197454887
linear_binary,0.0,0.6895532474119409,0.0013514023186147472,0.6909046497305557,257,1016,9,1,0.05204555669971858
linear_binary,0.0,0.695530547120192,-0.0007763590071449,0.6947541881130471,247,1007,9,2,0.023299891100785335
linear_binary,1.0,0.6564101346083394,0.002071592537469913,0.6584817271458093,296,1019,9,0,0.7201155825630217
linear_binary,1.0,0.6779305620452727,0.0019430896296743772,0.6798736516749471,295,1016,9,1,0.7551991851693459
linear_binary,1.0,0.6810955352826386,0.0035283450364246294,0.6846238803190632,285,1007,9,2,0.752895814460695
linear_binary,2.0,0.6131844352870123,0.0042742837949598655,0.6174587190819721,335,1019,9,0,1.4516721811769102
linear_binary,2.0,0.6361745271014293,0.023022754275339508,0.6591972813767688,337,1016,9,1,1.458352813638973
linear_binary,2.0,0.645383334212805,0.008686649489726306,0.6540699837025313,323,1007,9,2,1.4824917378206048
linear_binary,3.0,0.5455926211084432,0.002950306352460963,0.5485429274609042,371,1019,9,0,2.1832287797907974
linear_binary,3.0,0.5823538871030756,0.04292856777147147,0.625282454874547,367,1016,9,1,2.1615064421086
linear_binary,3.0,0.5907444064776012,0.015276302886286564,0.6060207093638877,357,1007,9,2,2.2120876611805156
linear_binary,5.0,0.42173658481170534,0.005227158781215435,0.4269637435929208,422,1019,9,0,3.646341977018577
linear_binary,5.0,0.4199897670865076,0.1056160743993092,0.5256058414858168,426,1016,9,1,3.5678136990478606
linear_binary,5.0,0.4554079769660393,0.03133587195867327,0.48674384892471256,415,1007,9,2,3.671279507900337
linear_binary,7.0,0.3128201424260679,0.003108765208216624,0.31592890763428455,452,1019,9,0,5.109455174246352
linear_binary,7.0,0.31296192547602814,0.12441245080129154,0.4373743762773197,452,1016,9,1,4.974120955987122
linear_binary,7.0,0.31636640100954305,0.04019704703897187,0.3565634480485149,452,1007,9,2,5.130471354620153
linear_binary,10.0,0.17806055867368917,0.0009302985404910924,0.17899085721418026,478,1019,9,0,7.304124970088016
linear_binary,10.0,0.1784853795575052,0.13594628852571478,0.31443166808322,478,1016,9,1,7.083581841395995
linear_binary,10.0,0.1674699060783849,0.04002526370568957,0.20749516978407448,480,1007,9,2,7.319259124699881
linear_binary,15.0,0.044985089514763085,0.0003345146650942446,0.04531960417985733,496,1019,9,0,10.96190796315746
linear_binary,15.0,0.05659461569818931,0.10899326945543415,0.16558788515362347,495,1016,9,1,10.599349983744128
linear_binary,15.0,0.03771046108261373,0.028239822073537917,0.06595028315615165,497,1007,9,2,10.967238741499427
linear_binary,20.0,0.014891120996385033,-0.00012494230800703943,0.014766178688377993,499,1019,9,0,14.619690956226897
linear_binary,20.0,0.002853502200974277,0.07756296069110487,0.08041646289207914,500,1016,9,1,14.115118126092277
linear_binary,20.0,0.015186035165595208,0.010458058667374755,0.025644093832969964,499,1007,9,2,14.615218358298986
interaction_binary,0.0,0.6755174910726578,-0.06286037903395014,0.6126571120387077,254,975,9,0,0.04579452994135808
interaction_binary,0.0,0.6904002968959269,-0.05532839479455476,0.6350719021013721,247,1005,9,1,0.04038020072955464
interaction_binary,0.0,0.6865244125696989,-0.06665956056197875,0.6198648520077201,246,1019,9,2,0.07614866453790944
interaction_binary,1.0,0.6745810975893781,-0.10530031337525181,0.5692807842141263,284,975,9,0,0.7814247231032724
interaction_binary,1.0,0.6816427036958287,-0.07594820271065805,0.6056945009851706,281,1005,9,1,0.7119116026667276
interaction_binary,1.0,0.679820024404924,-0.09613593020621458,0.5836840941987094,273,1019,9,2,0.6477135468275064
interaction_binary,2.0,0.675029245744059,-0.19583293541678182,0.47919631032727716,293,975,9,0,1.5170549162651874
interaction_binary,2.0,0.6749353746617187,-0.15763681786465267,0.517298556797066,302,1005,9,1,1.4320452697604085
interaction_binary,2.0,0.6699557938897116,-0.1584581015944453,0.5114976922952663,297,1019,9,2,1.3575426045441485
interaction_binary,3.0,0.6834350953533833,-0.2846890627969143,0.398746032556469,301,975,9,0,2.252685109427104
interaction_binary,3.0,0.6773711739484983,-0.2359655821388001,0.44140559180969824,307,1005,9,1,2.152178936854092
interaction_binary,3.0,0.659033956404897,-0.21312732747455632,0.4459066289303407,312,1019,9,2,2.0673716622607894
interaction_binary,5.0,0.7378584297093543,-0.27436970407081357,0.46348872563854077,305,975,9,0,3.723945495750933
interaction_binary,5.0,0.7138021986532377,-0.32220888272698156,0.3915933159262561,315,1005,9,1,3.5924462710414558
interaction_binary,5.0,0.6523237589645126,-0.22424547118607596,0.4280782877784366,325,1019,9,2,3.4870297776940737
interaction_binary,7.0,0.8230181652894758,-0.19786956290758517,0.6251486023818906,310,975,9,0,5.195205882074764
interaction_binary,7.0,0.788532471119029,-0.3950066151173176,0.3935258560017114,320,1005,9,1,5.0327136052288255
interaction_binary,7.0,0.6781559016967584,-0.1728363446489367,0.5053195570478217,323,1019,9,2,4.906687893127361
interaction_binary,10.0,1.0053159969742664,-0.03058610197448064,0.9747298949997858,314,975,9,0,7.402096461560507
interaction_binary,10.0,0.9480539729714607,-0.5340014387013392,0.4140525342701215,325,1005,9,1,7.193114606509883
interaction_binary,10.0,0.7400664980616649,-0.03522572707207372,0.7048407709895912,323,1019,9,2,7.036175066277292
interaction_binary,15.0,1.4222653163837085,0.32687250724776673,1.7491378236314752,313,975,9,0,11.080247427370077
interaction_binary,15.0,1.2856934719630249,-0.7790108009072816,0.5066826710557433,330,1005,9,1,10.793782941978288
interaction_binary,15.0,0.9224051420023411,0.26218621857537405,1.1845913605777152,320,1019,9,2,10.585320354860501
interaction_binary,20.0,1.8936278924184498,0.6934020236374718,2.5870299160559216,311,975,9,0,14.75839839317967
interaction_binary,20.0,1.6623148131453855,-1.0155771188751275,0.6467376942702581,333,1005,9,1,14.394451277446695
interaction_binary,20.0,1.13274593973864,0.5489047925699087,1.6816507323085486,322,1019,9,2,14.134465643443704
sinusoidal_binary,0.0,0.4254889467052435,0.06649968672785223,0.49198863343309573,236,1028,9,0,0.01993895706038635
sinusoidal_binary,0.0,0.4302491495753246,0.05214049227756007,0.4823896418528847,245,983,9,1,0.028954081078545496
sinusoidal_binary,0.0,0.43518230596958174,-0.0006062806312648883,0.43457602533831685,220,1004,9,2,0.052718808534125285
sinusoidal_binary,1.0,0.379704270183155,0.04877184942831225,0.42847611961146725,380,1028,9,0,0.7129429737027922
sinusoidal_binary,1.0,0.34586731412225413,0.04640947370825799,0.3922767878305121,390,983,9,1,0.7058836369082796
sinusoidal_binary,1.0,0.41811606225266407,-0.002004947651667921,0.41611111460099615,390,1004,9,2,0.6768034211331765
sinusoidal_binary,2.0,0.22563108794624753,0.03744021653252211,0.26307130447876964,462,1028,9,0,1.4342955199171643
sinusoidal_binary,2.0,0.2848486786095309,-0.01598367456314681,0.2688650040463841,467,983,9,1,1.4150170031334643
sinusoidal_binary,2.0,0.25038662046324106,-0.010176324178349128,0.24021029628489193,463,1004,9,2,1.390540954998343
sinusoidal_binary,3.0,0.2924714185858516,-0.08691751099463513,0.20555390759121644,477,1028,9,0,2.1556480661315396
sinusoidal_binary,3.0,0.3659216556887882,-0.1200570633338798,0.2458645923549084,470,983,9,1,2.1241503693586465
sinusoidal_binary,3.0,0.3222040187373344,-0.030140985458152247,0.29206303327918215,477,1004,9,2,2.1042784888635095
sinusoidal_binary,5.0,0.3597296966485958,-0.20434766103579027,0.1553820356128055,481,1028,9,0,3.5983531585602857
sinusoidal_binary,5.0,0.32176965654836254,-0.14423635673201174,0.1775332998163508,483,983,9,1,3.5424171018090145
sinusoidal_binary,5.0,0.33144659745602295,-0.04215153130532373,0.2892950661506992,484,1004,9,2,3.5317535565938445
sinusoidal_binary,7.0,0.06568541443315205,-0.03615942033274347,0.029525994100408588,497,1028,9,0,5.041058250989031
sinusoidal_binary,7.0,0.046325908974304116,-0.02121944837349161,0.025106460600812504,498,983,9,1,4.960683834259384
sinusoidal_binary,7.0,0.021046778108362026,-0.003115216838233792,0.017931561270128234,499,1004,9,2,4.959228624324179
sinusoidal_binary,10.0,2.719817830194893e-09,0.0005806154037012369,0.000580618123519067,500,1028,9,0,7.205115889632147
sinusoidal_binary,10.0,3.6121305423731005e-09,1.9485050303508094e-05,1.9488662434050468e-05,500,983,9,1,7.088083932934939
sinusoidal_binary,10.0,3.802812943410216e-10,1.1185777774877286e-08,1.1566059069218308e-08,500,1004,9,2,7.100441225919683
sinusoidal_binary,15.0,4.7606363295952456e-14,1.3919242017928129e-05,1.3919242065534492e-05,500,1028,9,0,10.811878620704007
sinusoidal_binary,15.0,7.603873086740714e-14,6.482750068396029e-08,6.482757672269116e-08,500,983,9,1,10.633750764060864
sinusoidal_binary,15.0,2.484901173716085e-15,8.464093870287245e-13,8.488942882024406e-13,500,1004,9,2,10.669128895245507
sinusoidal_binary,20.0,9.992007221626413e-16,3.3025302063179254e-07,3.3025302163099326e-07,500,1028,9,0,14.418641351775875
sinusoidal_binary,20.0,9.992007221626413e-16,2.1738091956612755e-10,2.1738191876684972e-10,500,983,9,1,14.179417595186777
sinusoidal_binary,20.0,9.992007221626413e-16,1.1324274851176631e-17,1.010524997013818e-15,500,1004,9,2,14.237816564571323
