drift_target,drift_z,mlp_excess_harm,mlp_pred_std,mlp_test_r2,ridge_pred_std,ridge_test_r2,seed,trial,weighted_drift_score,y_test_std
none,0.0,0.0019054300124187185,9.652146472993362,0.9870098971273323,9.665432152792112,0.988915327139751,0,0,0.014470570592664789,9.848015463590245
none,0.0,0.0014209640080908859,9.995035784474592,0.9887858390399693,9.984122451359537,0.9902068030480602,0,1,0.024831000351136754,10.031423187838076
none,0.0,0.0023821752144723707,10.001981403876464,0.9871521833932547,9.978562819575272,0.9895343586077271,0,2,0.061633914332500796,10.048292495002038
dominant,0.0,0.0019054300124187185,9.652146472993362,0.9870098971273323,9.665432152792112,0.988915327139751,0,0,0.014470570592664789,9.848015463590245
dominant,0.0,0.0014209640080908859,9.995035784474592,0.9887858390399693,9.984122451359537,0.9902068030480602,0,1,0.024831000351136754,10.031423187838076
dominant,0.0,0.0023821752144723707,10.001981403876464,0.9871521833932547,9.978562819575272,0.9895343586077271,0,2,0.061633914332500796,10.048292495002038
dominant,1.0,0.004098204780734083,9.399501201288134,0.9848140062639776,9.665432152792112,0.9889122110447117,0,0,0.9729166201761119,9.848015463590245
dominant,1.0,0.0037862322369281998,9.678252939978567,0.9864158628910682,9.984122451359537,0.9902020951279964,0,1,1.0057996735679398,10.031423187838076
dominant,1.0,0.004681729861271355,9.680536206544804,0.9848667279004584,9.978562819575272,0.9895484577617297,0,2,0.9927379350053767,10.04829249500204
dominant,2.0,0.01738601092908343,8.907554234648881,0.9715225997407518,9.665432152792112,0.9889086106698353,0,0,1.9313626697595605,9.848015463590245
dominant,2.0,0.02056555450364328,8.93688263528837,0.9696220348152899,9.984122451359537,0.9901875893189331,0,1,1.9867683467847415,10.031423187838076
dominant,2.0,0.02347986211278652,8.923689679786,0.9660816589926697,9.978562819575274,0.9895615211054563,0,2,1.9238419556782524,10.048292495002038
dominant,3.0,0.056480371100773086,8.437165992982017,0.9324241549143486,9.665432152792112,0.9889045260151217,0,0,2.889808719343006,9.848015463590245
dominant,3.0,0.08116620892616833,8.210458523344565,0.9089970766947021,9.984122451359537,0.9901632856208704,0,1,2.9677370200015414,10.031423187838076
dominant,3.0,0.08455295615307634,8.234438880246026,0.9050205924858303,9.978562819575272,0.9895735486389067,0,2,2.8549459763511282,10.04829249500204
dominant,5.0,0.2892441522733957,8.028301665998104,0.6996507515927872,9.66543215279211,0.988894903866183,0,0,4.806700818509901,9.848015463590245
dominant,5.0,0.48242496164014814,7.495838413022563,0.5076603229175984,9.984122451359537,0.9900852845577466,0,1,4.9296743664351395,10.031423187838076
dominant,5.0,0.46898168593968326,7.641334381068647,0.5206128103352958,9.978562819575272,0.9895944962749791,0,2,4.717154017696879,10.048292495002038
dominant,7.0,0.7869121613356512,7.964074885717249,0.2019711832622444,9.665432152792112,0.9888833445978956,0,0,6.723592917676797,9.848015463590245
dominant,7.0,1.4080185787404917,7.3534597995058615,-0.41805048680186685,9.984122451359536,0.9899680919386248,0,1,6.891611712868748,10.031423187838076
dominant,7.0,1.2921254760444727,7.629588888510782,-0.3025141753745255,9.978562819575272,0.9896113006699471,0,2,6.579362059042634,10.048292495002038
dominant,10.0,2.036442122581095,7.97243644627967,-1.047579748984409,9.665432152792112,0.988862373596686,0,0,9.59893106642713,9.848015463590245
dominant,10.0,3.827279344491593,7.348181219551903,-2.8375605256491467,9.984122451359537,0.9897188188424461,0,1,9.834517732519158,10.031423187838076
dominant,10.0,3.3317917057853883,7.669899910481829,-2.3421629671000606,9.978562819575272,0.989628738685328,0,2,9.372674121061248,10.04829249500204
dominant,15.0,5.454590577109682,7.976267366035172,-4.465772840778422,9.665432152792112,0.9888177363312604,0,0,14.391161314344359,9.848015463590247
dominant,15.0,10.569802487702331,7.349903377367328,-9.580695081800172,9.984122451359532,0.9891074059021587,0,1,14.73936109860317,10.031423187838076
dominant,15.0,8.811485199960352,7.7033814414957495,-7.821848114121577,9.978562819575274,0.9896370858387739,0,2,14.02819422442562,10.048292495002038
dominant,20.0,10.543156288685296,7.976755716328147,-9.55439529661539,9.665432152792112,0.988760992069906,0,0,19.183391562261605,9.848015463590247
dominant,20.0,20.70109514346928,7.3499825259478175,-19.712844097732397,9.984122451359536,0.9882510457368846,0,1,19.644204464687174,10.031423187838076
dominant,20.0,16.86777036270734,7.719400752112158,-15.878150824972025,9.978562819575272,0.9896195377353167,0,2,18.68371432779001,10.048292495002036
noise,0.0,0.0019054300124187185,9.652146472993362,0.9870098971273323,9.665432152792112,0.988915327139751,0,0,0.014470570592664789,9.848015463590245
noise,0.0,0.0014209640080908859,9.995035784474592,0.9887858390399693,9.984122451359537,0.9902068030480602,0,1,0.024831000351136754,10.031423187838076
noise,0.0,0.0023821752144723707,10.001981403876464,0.9871521833932547,9.978562819575272,0.9895343586077271,0,2,0.061633914332500796,10.048292495002038
noise,1.0,0.001783913622816491,9.624442651367321,0.9871355797984565,9.665432152792112,0.9889194934212729,0,0,0.02409150257366963,9.848015463590245
noise,1.0,0.0015460340278583562,9.954772469451411,0.9886443473740051,9.984122451359537,0.9901903814018634,0,1,0.03448483950715802,10.031423187838076
noise,1.0,0.002212843580584156,9.961822348231346,0.9873051785913378,9.978562819575272,0.989518022171922,0,2,0.0713563110373229,10.04829249500204
noise,2.0,0.0025278134388676543,9.554558281735995,0.9863944624168188,9.665432152792112,0.9889222758556865,0,0,0.03371243455467448,9.848015463590245
noise,2.0,0.001999297839823666,9.878227255048818,0.9881425106956333,9.984122451359537,0.990141808535457,0,1,0.04413867866317929,10.031423187838076
noise,2.0,0.002282327311335819,9.83059698356841,0.9872181579325053,9.978562819575272,0.9895004852438412,0,2,0.08107870774214498,10.048292495002038
noise,3.0,0.0039040084426423816,9.485270700589153,0.9850196660003492,9.665432152792112,0.9889236744429916,0,0,0.043333366535679325,9.848015463590245
noise,3.0,0.0025326613996589087,9.826778498231013,0.987528423049182,9.984122451359537,0.9900610844488409,0,1,0.05379251781920059,10.031423187838076
noise,3.0,0.0035234498179196327,9.676228512709441,0.9859582980055653,9.978562819575274,0.989481747823485,0,2,0.09080110444696707,10.048292495002038
noise,5.0,0.006680618703931995,9.391106517041106,0.9822417013723443,9.665432152792112,0.9889223200762763,0,0,0.06257523049768904,9.848015463590245
noise,5.0,0.0031807667025468556,9.834372616790118,0.9866224159124328,9.984122451359537,0.9898031826149797,0,1,0.07310019613124304,10.031423187838076
noise,5.0,0.006822830460057605,9.444685573859202,0.9826178410458882,9.978562819575274,0.9894406715059458,0,2,0.11024589785661133,10.048292495002038
noise,7.0,0.007916001258699845,9.33223709218972,0.9809994290624277,9.665432152792112,0.9889154303211275,0,0,0.0818170944596987,9.848015463590245
noise,7.0,0.0037440549286658076,9.860920545349632,0.985672620971614,9.984122451359537,0.9894166759002798,0,1,0.09240787444328556,10.031423187838076
noise,7.0,0.009761141446874344,9.342863594970558,0.9796336517724302,9.978562819575272,0.9893947932193046,0,2,0.12969069126625554,10.048292495002038
noise,10.0,0.008311382598947925,9.276905678151666,0.9805833342361432,9.665432152792112,0.9888947168350911,0,0,0.1106798904027132,9.848015463590245
noise,10.0,0.0036904836286785203,9.87213655754347,0.984905298047979,9.984122451359537,0.9885957816766575,0,1,0.12136939191134952,10.031423187838076
noise,10.0,0.012458766269284549,9.273561502724416,0.9768582058279918,9.978562819575272,0.9893169720972763,0,2,0.1588578813807218,10.048292495002038
noise,15.0,0.011119414153733742,9.136888633789182,0.9777131032624617,9.665432152792112,0.9888325174161955,0,0,0.15878455030773747,9.848015463590245
noise,15.0,0.0010494143891141006,9.825080714645303,0.9855351858439795,9.984122451359537,0.9865846002330936,0,1,0.1696385876914561,10.031423187838076
noise,15.0,0.021103667649892355,9.276999380902792,0.9680595927318263,9.978562819575272,0.9891632603817186,0,2,0.2074698649048324,10.048292495002038
noise,20.0,0.016379372119556646,9.005678019051537,0.9723563497000326,9.665432152792112,0.9887357218195892,0,0,0.20688921021276163,9.848015463590245
noise,20.0,-0.0025660042272247496,9.7727587997671,0.9863356425115127,9.984122451359537,0.983769638284288,0,1,0.21790778347156214,10.031423187838076
noise,20.0,0.03811343472060302,9.328191544512421,0.9508661016386698,9.978562819575272,0.9889795363592728,0,2,0.25608184842894294,10.048292495002038
none,0.0,0.0008874427516200045,9.985970440615036,0.9891913112334256,10.038282973962128,0.9900787539850456,1,0,0.038189436586756435,10.087443393542605
none,0.0,0.001990481241815889,9.659355551929012,0.988268130720661,9.67058522442278,0.9902586119624769,1,1,0.0025685826998590945,9.73241440894585
none,0.0,0.0025647035928189066,10.226368774915843,0.9878011309371058,10.336623745539763,0.9903658345299247,1,2,0.006286101596964122,10.238425021964717
dominant,0.0,0.0008874427516200045,9.985970440615036,0.9891913112334256,10.038282973962128,0.9900787539850456,1,0,0.038189436586756435,10.087443393542605
dominant,0.0,0.001990481241815889,9.659355551929012,0.988268130720661,9.67058522442278,0.9902586119624769,1,1,0.0025685826998590945,9.73241440894585
dominant,0.0,0.0025647035928189066,10.226368774915843,0.9878011309371058,10.336623745539763,0.9903658345299247,1,2,0.006286101596964122,10.238425021964717
dominant,1.0,0.0017886772877484525,9.936833331209865,0.9882720549847767,10.03828297396213,0.9900607322725251,1,0,0.998711131411505,10.087443393542605
dominant,1.0,0.003013928870511995,9.497007813220678,0.9872354074492901,9.67058522442278,0.990249336319802,1,1,0.9813008837284517,9.73241440894585
dominant,1.0,0.002626050215437492,10.085373624430938,0.9876582580263595,10.336623745539763,0.990284308241797,1,2,0.9842740221372756,10.238425021964717
dominant,2.0,0.006486931232385862,9.574047230827517,0.9835479863574649,10.03828297396213,0.9900349175898507,1,0,1.9592328262362533,10.087443393542605
dominant,2.0,0.01339267355252416,8.972170350006142,0.9768437951715685,9.67058522442278,0.9902364687240927,1,1,1.9600331847570471,9.73241440894585
dominant,2.0,0.00701806620911094,9.598469983319625,0.9831619243787598,10.336623745539764,0.9901799905878708,1,2,1.9729697923406337,10.238425021964717
dominant,3.0,0.02609522723335933,9.138153887914745,0.9639060827036631,10.038282973962128,0.9900013099370224,1,0,2.919754521061004,10.087443393542603
dominant,3.0,0.047967259477947666,8.469802778849118,0.9422527496974011,9.67058522442278,0.9902200091753488,1,1,2.938765485785644,9.73241440894585
dominant,3.0,0.02534400236753709,9.234928678394496,0.9647088792006089,10.336623745539764,0.990052881568146,1,2,2.961665562543999,10.238425021964717
dominant,5.0,0.16341185351417808,8.654755547745527,0.8264988622067261,10.038282973962128,0.9899107157209042,1,0,4.840797910710504,10.087443393542603
dominant,5.0,0.27479294309203095,8.02846896522939,0.7153833711267265,9.67058522442278,0.9901763142187574,1,1,4.896230087842835,9.73241440894585
dominant,5.0,0.1440971585693257,8.958293238047714,0.8456331308619751,10.336623745539763,0.9897302894313008,1,2,4.939057102950718,10.238425021964717
dominant,7.0,0.47842775621591915,8.580677758965034,0.5113611934082514,10.038282973962124,0.9897889496241705,1,0,6.76184130036,10.087443393542603
dominant,7.0,0.7804456400181459,7.983189051296952,0.20967261143188198,9.67058522442278,0.9901182514500279,1,1,6.853694689900017,9.73241440894585
dominant,7.0,0.39856185420861534,8.894095045513344,0.5907546776226462,10.336623745539763,0.9893165318312616,1,2,6.916448643357435,10.238425021964717
dominant,10.0,1.3017666203835396,8.57938989254935,-0.3122187671806238,10.038282973962128,0.9895478532029158,1,0,9.643406384834254,10.087443393542603
dominant,10.0,2.0797397345253312,8.003177462565088,-1.0897355168761567,9.67058522442278,0.9900042176491746,1,1,9.789891592985791,9.73241440894585
dominant,10.0,1.0496510649861812,8.884661892995918,-0.06112610479846747,10.336623745539763,0.9885249601877137,1,2,9.882535953967514,10.23842502196472
dominant,15.0,3.627234221765584,8.573977241875104,-2.6382440553345035,10.038282973962133,0.9889901664310808,1,0,14.446014858958009,10.087443393542605
dominant,15.0,5.665124860797597,8.016787609930315,-4.675382538543869,9.670585224422775,0.9897423222537283,1,1,14.683553098128753,9.732414408945852
dominant,15.0,2.859498811857833,8.874831565768284,-1.8727489650586695,10.336623745539764,0.9867498467991636,1,2,14.826014804984338,10.238425021964717
dominant,20.0,7.152493156627137,8.574005545872367,-6.164255501221738,10.038282973962128,0.988237655405399,1,0,19.248623333081742,10.087443393542605
dominant,20.0,11.021605982929456,8.016591631952302,-10.032215354897037,9.67058522442278,0.9893906280324186,1,1,19.57721460327172,9.73241440894585
dominant,20.0,5.577280178137782,8.87077643479513,-4.592875228872132,10.336623745539761,0.98440494926565,1,2,19.76949365600116,10.238425021964717
noise,0.0,0.0008874427516200045,9.985970440615036,0.9891913112334256,10.038282973962128,0.9900787539850456,1,0,0.038189436586756435,10.087443393542605
noise,0.0,0.001990481241815889,9.659355551929012,0.988268130720661,9.67058522442278,0.9902586119624769,1,1,0.0025685826998590945,9.73241440894585
noise,0.0,0.0025647035928189066,10.226368774915843,0.9878011309371058,10.336623745539763,0.9903658345299247,1,2,0.006286101596964122,10.238425021964717
noise,1.0,0.0008597337626267132,9.943484572233718,0.9892317920613011,10.038282973962128,0.9900915258239278,1,0,0.04643129655141412,10.087443393542605
noise,1.0,0.001784207967999607,9.663881807853961,0.9884746007032509,9.67058522442278,0.9902588086712505,1,1,0.011517278399531093,9.73241440894585
noise,1.0,0.002628448499036651,10.158087603075861,0.9877372808028282,10.336623745539763,0.9903657293018648,1,2,0.016257904002189072,10.238425021964717
noise,2.0,0.0009610872120078273,9.876827033193623,0.98912000964423,10.038282973962128,0.9900810968562378,1,0,0.056079296278111986,10.087443393542603
noise,2.0,0.0017079516228125646,9.59693677794356,0.9885510512409758,9.67058522442278,0.9902590028637883,1,1,0.021175117146026913,9.73241440894585
noise,2.0,0.003385941072090004,9.973834067127715,0.9869796829504281,10.336623745539763,0.9903656240225182,1,2,0.026229706407414,10.238425021964717
noise,3.0,0.0016045954250080152,9.788454432150692,0.9884428716569676,10.038282973962128,0.9900474670819757,1,0,0.06572729600480987,10.087443393542605
noise,3.0,0.0026381318666064413,9.47762053085377,0.9876210626734838,9.67058522442278,0.9902591945400903,1,1,0.03083295589252274,9.73241440894585
noise,3.0,0.005787668506853416,9.763620568382679,0.9845778501850311,10.336623745539763,0.9903655186918845,1,2,0.03620150881263892,10.238425021964717
noise,5.0,0.004262705510430065,9.573459796130502,0.9856478996033051,10.038282973962128,0.9899106051137352,1,0,0.08502329545820567,10.087443393542605
noise,5.0,0.005802241424873955,9.329127082812798,0.9844573289191125,9.67058522442278,0.9902595703439865,1,1,0.0501486333855144,9.73241440894585
noise,5.0,0.01171811087486907,9.477105561879288,0.9786471970018874,10.336623745539763,0.9903653078767565,1,2,0.0561451136230888,10.238425021964717
noise,7.0,0.006973215631858709,9.376328241999978,0.9827077242873477,10.038282973962128,0.9896809399192064,1,0,0.1043192949116014,10.087443393542605
noise,7.0,0.01059383816340942,9.312533681410967,0.9796660979195299,9.67058522442278,0.9902599360829393,1,1,0.06946431087850603,9.73241440894585
noise,7.0,0.016625126622036412,9.33441619153182,0.9737399702344444,10.336623745539763,0.9903650968564808,1,2,0.07608871843353872,10.238425021964717
noise,10.0,0.00985805513158855,9.20859169044599,0.9793043809465338,10.038282973962128,0.9891624360781224,1,0,0.13326329409169502,10.087443393542605
noise,10.0,0.024329461116553874,9.374688226110033,0.9659310047030455,9.67058522442278,0.9902604658195994,1,1,0.0984378271179935,9.73241440894585
noise,10.0,0.021418992285815563,9.314394504243015,0.9689457876555997,10.336623745539763,0.9903647799414153,1,2,0.10600412564921363,10.238425021964717
noise,15.0,0.01147572372526362,9.072924779437988,0.9763585231529436,10.038282973962128,0.9878342468782072,1,0,0.18150329272518437,10.087443393542605
noise,15.0,0.06649696479299039,9.492043351157669,0.9237643335963251,9.67058522442278,0.9902612983893155,1,1,0.14672702085047257,9.73241440894585
noise,15.0,0.03735284857333676,9.353471482383581,0.9530114021505643,10.336623745539763,0.9903642507239011,1,2,0.15586313767533821,10.238425021964717
noise,20.0,0.010938047508938231,9.012294223035397,0.9749879900050512,10.038282973962128,0.9859260375139894,1,0,0.22974329135867375,10.087443393542605
noise,20.0,0.13372456473559624,9.537241375453053,0.8565375033175386,9.67058522442278,0.9902620680531349,1,1,0.19501621458295168,9.73241440894585
noise,20.0,0.06881303601219124,9.392023921680096,0.9215506842120227,10.336623745539763,0.9903637202242139,1,2,0.20572214970146294,10.238425021964717
none,0.0,0.0030860324608069645,9.59300255663587,0.9860099381857477,9.567519282989371,0.9890959706465546,2,0,0.05035211028240775,9.55021971189368
none,0.0,0.0011404837713540061,9.641646309878746,0.9884339169295283,9.64288493435549,0.9895744007008823,2,1,0.06775256843086418,9.793122650944644
none,0.0,0.00204440720895549,10.102924211827888,0.9882823065715526,10.12311261480855,0.9903267137805081,2,2,0.112678045058951,10.213371330457257
dominant,0.0,0.0030860324608069645,9.59300255663587,0.9860099381857477,9.567519282989371,0.9890959706465546,2,0,0.05035211028240775,9.55021971189368
dominant,0.0,0.0011404837713540061,9.641646309878746,0.9884339169295283,9.64288493435549,0.9895744007008823,2,1,0.06775256843086418,9.793122650944644
dominant,0.0,0.00204440720895549,10.102924211827888,0.9882823065715526,10.12311261480855,0.9903267137805081,2,2,0.112678045058951,10.213371330457257
dominant,1.0,0.005432956072020434,9.255528570156546,0.9836631039019519,9.567519282989371,0.9890960599739723,2,0,0.9166037553312815,9.55021971189368
dominant,1.0,0.002690129622922366,9.46384292704765,0.986817719794333,9.642884934355491,0.9895078494172553,2,1,1.0448897101132961,9.793122650944646
dominant,1.0,0.0025737287803976328,9.896449367093235,0.9877618355429721,10.12311261480855,0.9903355643233698,2,2,0.8513909207911471,10.213371330457257
dominant,2.0,0.01738553888801997,8.627476973969813,0.9717106002114734,9.567519282989371,0.9890961390994933,2,0,1.8797577510212216,9.55021971189368
dominant,2.0,0.013058337429276423,9.03151054618774,0.9763414391567973,9.642884934355491,0.9893997765860737,2,1,2.022026851795729,9.793122650944646
dominant,2.0,0.009496639956098507,9.434859008669473,0.9808460404971983,10.12311261480855,0.9903426804532968,2,2,1.8126490098511001,10.213371330457257
dominant,3.0,0.05933992298676194,8.238859602583352,0.9297562850363558,9.567519282989371,0.9890962080231177,2,0,2.842911746711161,9.55021971189368
dominant,3.0,0.04703423598955592,8.545472770540528,0.9422159462177817,9.642884934355488,0.9892501822073376,2,1,2.9991639934781587,9.793122650944646
dominant,3.0,0.033799653981642086,9.05204193427654,0.9565484081886468,10.123112614808548,0.9903480621702889,2,2,2.773907098911053,10.213371330457257
dominant,5.0,0.3365770387456548,7.839845369544758,0.6525192765190213,9.567519282989373,0.9890963152646761,2,0,4.769219738091035,9.55021971189368
dominant,5.0,0.2622222075775179,8.101044951167811,0.7266042212296839,9.64288493435549,0.9888264288072018,2,1,4.95343827684302,9.793122650944646
dominant,5.0,0.1782167021416643,8.757463529425594,0.8121369202238045,10.12311261480855,0.9903536223654688,2,2,4.696423277030952,10.213371330457257
dominant,7.0,0.9527890284399027,7.778997943898406,0.03630735325874501,9.567519282989371,0.9890963816986477,2,0,6.695527729470918,9.55021971189368
dominant,7.0,0.7197157707249735,8.041515254576908,0.2685208184918745,9.64288493435549,0.988236589216848,2,1,6.907712560207887,9.793122650944646
dominant,7.0,0.4827030592789159,8.710776525055643,0.5076491856299936,10.123112614808552,0.9903522449089095,2,2,6.618939455150859,10.213371330457255
dominant,10.0,2.5127414410099016,7.785120697970416,-1.5236450361745222,9.567519282989373,0.9890964048353796,2,0,9.584989716540731,9.55021971189368
dominant,10.0,1.8739744447743951,8.035731809309155,-0.886934026549737,9.64288493435549,0.9870404182246582,2,1,9.839123985255188,9.793122650944646
dominant,10.0,1.2583419398387474,8.714751550346907,-0.26800476921168825,10.12311261480855,0.9903371706270593,2,2,9.502713722330727,10.213371330457257
dominant,15.0,6.766018383102371,7.796889165922833,-5.776922143743706,9.567519282989368,0.9890962393586653,2,0,14.400759694990414,9.550219711893678
dominant,15.0,5.043421981567368,8.034769468522653,-4.059205612614116,9.642884934355493,0.9842163689532515,2,1,14.724809693667353,9.793122650944646
dominant,15.0,3.3879841378611486,8.726702265673103,-2.397706779295869,10.12311261480855,0.9902773585652795,2,2,14.30900416763048,10.213371330457255
dominant,20.0,13.075503236945893,7.797465936581282,-12.08640741811136,9.567519282989373,0.989095818834533,2,0,19.2165296734401,9.55021971189368
dominant,20.0,9.76944509608748,8.03476893126436,-8.789090815094498,9.64288493435549,0.9803542809929818,2,1,19.610495402079493,9.793122650944644
dominant,20.0,6.557746481267402,8.72974679714774,-5.567572295087272,10.123112614808552,0.9901741861801296,2,2,19.115294612930242,10.213371330457255
noise,0.0,0.0030860324608069645,9.59300255663587,0.9860099381857477,9.567519282989371,0.9890959706465546,2,0,0.05035211028240775,9.55021971189368
noise,0.0,0.0011404837713540061,9.641646309878746,0.9884339169295283,9.64288493435549,0.9895744007008823,2,1,0.06775256843086418,9.793122650944644
noise,0.0,0.00204440720895549,10.102924211827888,0.9882823065715526,10.12311261480855,0.9903267137805081,2,2,0.112678045058951,10.213371330457257
noise,1.0,0.002846365338704193,9.551631811497836,0.9862299406816285,9.567519282989371,0.9890763060203327,2,0,0.058422526888237215,9.55021971189368
noise,1.0,0.0013880877420588966,9.634479592086262,0.9881942026964895,9.64288493435549,0.9895822904385484,2,1,0.07703128129750904,9.793122650944646
noise,1.0,0.0023098361394735534,10.042610837869931,0.9880378492022877,10.12311261480855,0.9903476853417612,2,2,0.12233108538332459,10.213371330457257
noise,2.0,0.0034858377357984693,9.442246696620089,0.9855415819334116,9.567519282989371,0.98902741966921,2,0,0.067791003554437,9.55021971189368
noise,2.0,0.0026781246457117103,9.564719546109611,0.9869105818650008,9.64288493435549,0.9895887065107125,2,1,0.08648563243951005,9.793122650944646
noise,2.0,0.0033610767884914017,9.90323366397473,0.9869928138223306,10.12311261480855,0.990353890610822,2,2,0.13198412570769816,10.213371330457257
noise,3.0,0.0052711923696278085,9.280560257653505,0.9836781192235587,9.567519282989371,0.9889493115931866,2,0,0.0771594802206368,9.55021971189368
noise,3.0,0.004490857897254119,9.477236538720215,0.9851027910201207,9.64288493435549,0.9895936489173748,2,1,0.09593998358151108,9.793122650944646
noise,3.0,0.006121114605240008,9.692184058960358,0.9842242149824506,10.12311261480855,0.9903453295876906,2,2,0.14163716603207174,10.213371330457257
noise,5.0,0.012789558961385228,8.906517630516127,0.975915871305052,9.567519282989371,0.9887054302664372,2,0,0.09589643355303633,9.55021971189368
noise,5.0,0.011834081413560349,9.281446183910102,0.9777650313206336,9.64288493435549,0.989599112734194,2,1,0.11484868586551313,9.793122650944644
noise,5.0,0.016598561798800593,9.279069348610234,0.97368534686605,10.12311261480855,0.9902839086648506,2,2,0.16094324668081883,10.213371330457257
noise,7.0,0.021357961676887194,8.659734056384561,0.9669867003631973,9.567519282989371,0.9883446620400845,2,0,0.11463338688543591,9.55021971189368
noise,7.0,0.024941228619978162,9.090991178795699,0.9646574532690276,9.64288493435549,0.9895986818890058,2,1,0.13375738814951516,9.793122650944644
noise,7.0,0.026052313957079964,8.954110248823854,0.9641111086161614,10.12311261480855,0.9901634225732414,2,2,0.18024932732956603,10.213371330457257
noise,10.0,0.03145964546309932,8.50076802061816,0.9561247013007003,9.567519282989371,0.9875843467637996,2,0,0.14273881688403528,9.55021971189368
noise,10.0,0.055795076669028276,8.76314387338925,0.9337919064609316,9.64288493435549,0.9895869831299599,2,1,0.1621204415755182,9.793122650944644
noise,10.0,0.03306014976705074,8.712783185283286,0.9568117964773343,10.12311261480855,0.989871946244385,2,2,0.2092084483026869,10.213371330457257
noise,15.0,0.04422666564460365,8.439042520323563,0.9415060544940382,9.567519282989371,0.9857327201386419,2,0,0.18958120021503402,9.55021971189368
noise,15.0,0.12252088317610532,8.387366673820758,0.8670171287120746,9.64288493435549,0.9895380118881799,2,1,0.20939219728552336,9.793122650944644
noise,15.0,0.03775904174551614,8.526145425497225,0.951331784773595,10.12311261480855,0.9890908265191112,2,2,0.25747364992455474,10.213371330457257
noise,20.0,0.059544952403426055,8.462941777364218,0.9236055979875382,9.567519282989371,0.9831505503909642,2,0,0.23642358354603285,9.55021971189368
noise,20.0,0.2026803814689826,8.143654112326281,0.7867718175398717,9.64288493435549,0.9894521990088543,2,1,0.2566639529955287,9.793122650944646
noise,20.0,0.03862787097488485,8.445056865771328,0.9493126785141444,10.12311261480855,0.9879405494890292,2,2,0.30573885154642255,10.213371330457257
none,0.0,0.0023773038290155757,10.10630989420646,0.987343245423802,10.149939942940339,0.9897205492528176,3,0,0.018646710683684613,10.277325918341365
none,0.0,0.0017753456407150203,10.499501109114153,0.9888624339024378,10.553346381990597,0.9906377795431528,3,1,0.06885928443577477,10.635007367849486
none,0.0,0.0023025110651738734,10.09354106057037,0.9878640909652876,10.100477624662775,0.9901666020304615,3,2,0.01522403228971108,10.17585225609327
dominant,0.0,0.0023773038290155757,10.10630989420646,0.987343245423802,10.149939942940339,0.9897205492528176,3,0,0.018646710683684613,10.277325918341365
dominant,0.0,0.0017753456407150203,10.499501109114153,0.9888624339024378,10.553346381990597,0.9906377795431528,3,1,0.06885928443577477,10.635007367849486
dominant,0.0,0.0023025110651738734,10.09354106057037,0.9878640909652876,10.100477624662775,0.9901666020304615,3,2,0.01522403228971108,10.17585225609327
dominant,1.0,0.00510038788181999,9.797885517057756,0.9846164765630767,10.149939942940339,0.9897168644448967,3,0,0.9692836675930632,10.277325918341365
dominant,1.0,0.0010658036796881154,10.429800152764464,0.989571603049633,10.553346381990597,0.9906374067293211,3,1,0.9207017260463146,10.635007367849488
dominant,1.0,0.0065368629762777575,9.775621423354147,0.9836259061929169,10.100477624662775,0.9901627691691947,3,2,0.9763686659241511,10.17585225609327
dominant,2.0,0.022432047263295396,9.122433018679839,0.9672726698768067,10.149939942940339,0.9897047171401021,3,0,1.953222095535449,10.277325918341365
dominant,2.0,0.004374456507291291,10.114625920176945,0.9862624104047413,10.553346381990599,0.9906368669120326,3,1,1.9071973048448512,10.635007367849488
dominant,2.0,0.02684707569995859,9.047914279547586,0.9633113393115442,10.100477624662775,0.9901584150115028,3,2,1.9375132995585926,10.175852256093268
dominant,3.0,0.08123536295941658,8.4415403307756,0.9084487443790175,10.149939942940339,0.989684107338434,3,0,2.93716052347784,10.277325918341365
dominant,3.0,0.018385950743345925,9.668763538090253,0.9722502093479412,10.553346381990597,0.9906361600912871,3,1,2.8936928836433844,10.635007367849488
dominant,3.0,0.09346757652593551,8.390756206893629,0.8966859630314505,10.100477624662775,0.990153539557386,3,2,2.89865793319303,10.175852256093268
dominant,5.0,0.4441208085466365,7.848172196352168,0.5454966916978405,10.149939942940339,0.989617500244477,3,0,4.905037379362622,10.277325918341365
dominant,5.0,0.1288955389283567,9.129249454836074,0.8617387065110687,10.553346381990597,0.9906342454394254,3,1,4.866684041240456,10.635007367849486
dominant,5.0,0.4632279757613469,7.947711917175032,0.5269142489985308,10.100477624662773,0.9901422247598777,3,2,4.8209472004619105,10.175852256093268
dominant,7.0,1.2474631353115897,7.702763284379546,-0.2579460921485641,10.149939942940339,0.9895170431630256,3,0,6.872914235247393,10.277325918341365
dominant,7.0,0.3991845331949262,9.033597815612461,0.5914471295788097,10.553346381990595,0.9906316627737359,3,1,6.8396751988375275,10.635007367849488
dominant,7.0,1.2135796573419801,7.888996818309776,-0.22345083256531062,10.100477624662775,0.9901288247766694,3,2,6.743236467730794,10.175852256093268
dominant,10.0,3.3225010215869526,7.6815317059149155,-2.3331981327726563,10.149939942940339,0.9893028888142965,3,0,9.824729519074554,10.277325918341367
dominant,10.0,1.1221123587769388,9.030571967144894,-0.13148582252766383,10.553346381990597,0.9906265362492749,3,1,9.79916193523313,10.635007367849488
dominant,10.0,3.0816716335997385,7.859774846765131,-2.0915668185210685,10.100477624662775,0.9901048150786699,3,2,9.626670368634109,10.17585225609327
dominant,15.0,9.032195803134634,7.694240213223099,-8.043419088172358,10.149939942940339,0.9887767149622761,3,0,14.744421658786504,10.277325918341365
dominant,15.0,3.1745925180657264,9.033202480940478,-2.183977866093025,10.553346381990599,0.9906146519727014,3,1,14.731639829225811,10.635007367849488
dominant,15.0,8.170843547588833,7.856989236763832,-7.180789174601994,10.100477624662778,0.990054372986838,3,2,14.432393536806318,10.17585225609327
dominant,20.0,17.48757681136943,7.710520002379985,-16.499537832681014,10.149939942940339,0.9880389786884158,3,0,19.66411379849843,10.277325918341365
dominant,20.0,6.289675027305991,9.037064694185807,-5.299076434696286,10.553346381990597,0.990598592609705,3,1,19.66411772321849,10.635007367849486
dominant,20.0,15.713479588381848,7.859333592789179,-14.723488689897465,10.100477624662775,0.9899908984843822,3,2,19.23811670497852,10.175852256093268
noise,0.0,0.0023773038290155757,10.10630989420646,0.987343245423802,10.149939942940339,0.9897205492528176,3,0,0.018646710683684613,10.277325918341365
noise,0.0,0.0017753456407150203,10.499501109114153,0.9888624339024378,10.553346381990597,0.9906377795431528,3,1,0.06885928443577477,10.635007367849486
noise,0.0,0.0023025110651738734,10.09354106057037,0.9878640909652876,10.100477624662775,0.9901666020304615,3,2,0.01522403228971108,10.17585225609327
noise,1.0,0.00233815710943186,10.05103347423688,0.9873813648025541,10.149939942940339,0.989719521911986,3,0,0.027709873226109565,10.277325918341365
noise,1.0,0.0017097228422937594,10.455128509436216,0.9889257422028664,10.553346381990597,0.9906354650451602,3,1,0.07691735890802455,10.635007367849488
noise,1.0,0.0028337372106129743,10.005027578978597,0.987340375088456,10.100477624662775,0.9901741122990689,3,2,0.024932312268904598,10.17585225609327
noise,2.0,0.0034979585317176376,9.90114272676866,0.9862178676713802,10.149939942940339,0.9897158262030978,3,0,0.03770455161828328,10.277325918341365
noise,2.0,0.00197559829503402,10.37252407207773,0.9886487138510782,10.553346381990597,0.9906243121461122,3,1,0.0864531635432357,10.635007367849488
noise,2.0,0.004285380270564132,9.904461087471876,0.985892737249748,10.100477624662775,0.9901781175203122,3,2,0.034640592248098116,10.175852256093268
noise,3.0,0.0060583530441264966,9.709392032959812,0.9836511090820267,10.149939942940339,0.9897094621261532,3,0,0.04769923001045698,10.277325918341365
noise,3.0,0.002425177146803126,10.313010244570027,0.9881791436992056,10.553346381990597,0.9906043208460087,3,1,0.09598896817844692,10.635007367849488
noise,3.0,0.006245562861424303,9.836507107866554,0.9839330548327669,10.100477624662775,0.9901786176941912,3,2,0.044348872227291634,10.17585225609327
noise,5.0,0.014714259351420012,9.284508165574046,0.9749744695166742,10.149939942940339,0.9896887288680942,3,0,0.06768858679480433,10.277325918341365
noise,5.0,0.00315595829304971,10.304698220070438,0.9873818647495858,10.553346381990597,0.9905378230426355,3,1,0.1150605774488692,10.635007367849486
noise,5.0,0.013522321408198756,9.775227075105063,0.9766467814916582,10.100477624662775,0.9901691028998569,3,2,0.06376543218567858,10.17585225609327
noise,7.0,0.025357759132257685,8.877104906917763,0.9642995630055514,10.149939942940339,0.9896573221378091,3,0,0.08767794357915168,10.277325918341365
noise,7.0,0.004384921056560742,10.326631606487078,0.9860510505784796,10.553346381990599,0.9904359716350404,3,1,0.13413218671929147,10.635007367849488
noise,7.0,0.028949223438213267,9.755752929361796,0.9611963444778525,10.100477624662775,0.9901455679160658,3,2,0.08318199214406567,10.175852256093268
noise,10.0,0.039716832963785476,8.480081837130761,0.949873366318172,10.149939942940339,0.9895901992819575,3,0,0.11766197875567268,10.277325918341365
noise,10.0,0.007474479092648312,10.323976828897434,0.9827424274230837,10.553346381990597,0.990216906515732,3,1,0.16273960062492493,10.635007367849486
noise,10.0,0.0711106265941186,9.689740548718753,0.9189733509910293,10.100477624662775,0.9900839775851479,3,2,0.11230683208164641,10.17585225609327
noise,15.0,0.06059349516530288,8.135382006559132,0.9288314653291043,10.149939942940339,0.9894249604944072,3,0,0.16763537071654122,10.277325918341365
noise,15.0,0.01610301218529908,10.258072463302888,0.9735720177771433,10.553346381990597,0.9896750299624424,3,1,0.21041862380098073,10.635007367849486
noise,15.0,0.1969586981676319,9.537144167524803,0.7929525279187025,10.100477624662775,0.9899112260863344,3,2,0.16084823197761383,10.17585225609327
noise,20.0,0.08284407870715504,7.982560287025738,0.9063489337982885,10.149939942940339,0.9891930125054436,3,0,0.21760876267740967,10.277325918341365
noise,20.0,0.0292637386913559,10.201915762419647,0.9596484546914107,10.553346381990597,0.9889121933827666,3,1,0.2580976469770365,10.635007367849486
noise,20.0,0.39803039432775966,9.40441718584318,0.5916204540756569,10.100477624662775,0.9896508484034165,3,2,0.20938963187358126,10.17585225609327
none,0.0,0.0023892575141345462,10.25377251763968,0.9880892018266259,10.296519672578349,0.9904784593407604,4,0,0.026090365717460803,10.346607473033501
none,0.0,0.0019032462243427917,9.549758258091698,0.9872120985821639,9.551676327617683,0.9891153448065066,4,1,0.058524992083499386,9.649681029789514
none,0.0,0.0029171525755594674,10.65195220488583,0.9881081953546887,10.71828686633543,0.9910253479302482,4,2,0.0345571095276278,10.676066163899286
dominant,0.0,0.0023892575141345462,10.25377251763968,0.9880892018266259,10.296519672578349,0.9904784593407604,4,0,0.026090365717460803,10.346607473033501
dominant,0.0,0.0019032462243427917,9.549758258091698,0.9872120985821639,9.551676327617683,0.9891153448065066,4,1,0.058524992083499386,9.649681029789514
dominant,0.0,0.0029171525755594674,10.65195220488583,0.9881081953546887,10.71828686633543,0.9910253479302482,4,2,0.0345571095276278,10.676066163899286
dominant,1.0,0.00437713562660047,9.915775806988467,0.9861230259374201,10.296519672578349,0.9905001615640205,4,0,0.962353898133209,10.346607473033501
dominant,1.0,0.003397937133006179,9.307908918238784,0.9856948246358759,9.551676327617683,0.9890927617688821,4,1,0.899360303632717,9.649681029789514
dominant,1.0,0.008036279289114323,10.195454253637863,0.9830032679750159,10.718286866335431,0.9910395472641302,4,2,0.9943232429816418,10.676066163899286
dominant,2.0,0.01989797180135977,9.211831753308443,0.9706101988480568,10.296519672578349,0.9905081706494165,4,0,1.9473183407601036,10.346607473033501
dominant,2.0,0.012437882407234202,8.860741110403785,0.9766234904466665,9.551676327617683,0.9890613728539007,4,1,1.8550973164842797,9.649681029789514
dominant,2.0,0.04408298063200711,9.127618314530096,0.9469633864194708,10.718286866335431,0.9910463670514779,4,2,1.9540893764356588,10.676066163899286
dominant,3.0,0.06930166963895168,8.610327754895795,0.9212008169579968,10.29651967257835,0.9905024865969485,4,0,2.9322827833869995,10.346607473033501
dominant,3.0,0.04111159255892749,8.484463177326651,0.947909585502635,9.551676327617683,0.9890211780615625,4,1,2.8108343293358438,9.649681029789514
dominant,3.0,0.16024406520440215,8.096989754080786,0.8308017420878888,10.718286866335431,0.991045807292291,4,2,2.91385550988967,10.676066163899288
dominant,5.0,0.35722983200180225,8.222189218563432,0.6332202070766182,10.296519672578347,0.9904500390784204,4,0,4.902211668640797,10.346607473033501
dominant,5.0,0.21110268903343588,8.242972600811395,0.7778116818113798,9.551676327617683,0.9889143708448157,4,1,4.722308355038972,9.649681029789514
dominant,5.0,0.842252043785745,7.326934004676794,0.14877050534856884,10.718286866335427,0.9910225491343139,4,2,4.833387776797697,10.676066163899286
dominant,7.0,0.9460201034042963,8.224498780823826,0.044322715604139806,10.296519672578345,0.9903428190084361,4,0,6.872140553894588,10.346607473033501
dominant,7.0,0.5551925076000646,8.244800732364107,0.4335798325185771,9.551676327617683,0.9887723401186417,4,1,6.633782380742099,9.649681029789512
dominant,7.0,2.245390509305305,7.2808499047370425,-1.2544207365151059,10.718286866335426,0.990969772790199,4,2,6.752920043705729,10.676066163899286
dominant,10.0,2.385260166889356,8.226334162348065,-1.3951808765198765,10.296519672578349,0.9900792903694794,4,0,9.827033881775284,10.346607473033501
dominant,10.0,1.402042662203513,8.259370083714726,-0.4135494122543082,9.551676327617683,0.9884932499492047,4,1,9.50099341929679,9.649681029789514
dominant,10.0,5.725101240476999,7.292857114741757,-4.7342659788019805,10.71828686633543,0.9908352616750186,4,2,9.632218444067774,10.676066163899286
dominant,15.0,6.2725893748223776,8.225911165329721,-5.28322316160844,10.296519672578349,0.9893662132139375,4,0,14.751856094909765,10.346607473033501
dominant,15.0,3.713984417125922,8.264054033985309,-2.726132435006248,9.55167632761768,0.9878519821196738,4,1,14.279678483554603,9.649681029789514
dominant,15.0,15.171290400590141,7.3059224422090985,-14.180826915037779,10.718286866335433,0.9904634855523622,4,2,14.431049111337856,10.676066163899288
dominant,20.0,12.02560978845598,8.22563866792793,-11.037298980844186,10.296519672578349,0.9883108076117944,4,0,19.676678308044252,10.346607473033501
dominant,20.0,7.157574645090611,8.270837287201752,-6.170584077734388,9.551676327617685,0.9869905673562229,4,1,19.058363547812426,9.649681029789514
dominant,20.0,29.174724698140846,7.308229205516887,-28.1848174773745,10.71828686633543,0.9899072207663449,4,2,19.22987977860793,10.676066163899288
noise,0.0,0.0023892575141345462,10.25377251763968,0.9880892018266259,10.296519672578349,0.9904784593407604,4,0,0.026090365717460803,10.346607473033501
noise,0.0,0.0019032462243427917,9.549758258091698,0.9872120985821639,9.551676327617683,0.9891153448065066,4,1,0.058524992083499386,9.649681029789514
noise,0.0,0.0029171525755594674,10.65195220488583,0.9881081953546887,10.71828686633543,0.9910253479302482,4,2,0.0345571095276278,10.676066163899286
noise,1.0,0.0027635382850268453,10.187799774164105,0.9877031068929323,10.296519672578349,0.9904666451779591,4,0,0.034370740326750915,10.346607473033501
noise,1.0,0.0020515050304417137,9.52483367466802,0.9870359488728263,9.551676327617683,0.989087453903268,4,1,0.06687664906408146,9.649681029789512
noise,1.0,0.0031720793812265446,10.50477417080366,0.9878736422429969,10.71828686633543,0.9910457216242234,4,2,0.044425811686375924,10.676066163899286
noise,2.0,0.0033914034710904595,10.024020410637076,0.9870614573481671,10.296519672578349,0.9904528608192575,4,0,0.04396536310528248,10.346607473033501
noise,2.0,0.0024369431479089876,9.50053069766607,0.9866101340619327,9.551676327617683,0.9890470772098416,4,1,0.07635736940915691,9.649681029789514
noise,2.0,0.004975427156393208,10.247189445259048,0.9860659959420348,10.71828686633543,0.991041423098428,4,2,0.05429451384512404,10.676066163899286
noise,3.0,0.00538632949693485,9.842654860250885,0.9850507767677206,10.296519672578349,0.9904371062646554,4,0,0.05355998588381405,10.346607473033501
noise,3.0,0.0036626953446606825,9.506931635526913,0.9853315193815668,9.551676327617683,0.9889942147262275,4,1,0.08583808975423239,9.649681029789512
noise,3.0,0.009175020362639286,9.893744692443917,0.9818374319902227,10.718286866335431,0.991012452352862,4,2,0.06416321600387215,10.676066163899286
noise,5.0,0.00911345937646002,9.600798108926105,0.9812862271912899,10.296519672578349,0.9903996865677499,4,0,0.07274923144087718,10.346607473033501
noise,5.0,0.010449255316941075,9.604636095546615,0.9784017770714949,9.551676327617683,0.988851032388436,4,1,0.10479953044438323,9.649681029789514
noise,5.0,0.025783684942654372,9.115563191215262,0.9650968092597635,10.718286866335431,0.9908804942024179,4,2,0.08390062032136833,10.676066163899286
noise,7.0,0.012242176011025618,9.458900516164398,0.978112210076217,10.296519672578349,0.9903543860872426,4,0,0.09193847699794032,10.346607473033501
noise,7.0,0.025725868045788025,9.767439138314092,0.9629320388441055,9.551676327617683,0.9886579068898935,4,1,0.12376097113453409,9.649681029789512
noise,7.0,0.04415491574060859,8.521740029641714,0.9464949314322826,10.718286866335431,0.9906498471728912,4,2,0.10363802463886455,10.676066163899286
noise,10.0,0.017884895570793424,9.278261293014431,0.972386763326435,10.296519672578349,0.9902716588972285,4,0,0.12072234533353493,10.346607473033501
noise,10.0,0.06795360164795605,10.015960774536657,0.9203209735677158,9.551676327617683,0.9882745752156719,4,1,0.1522031321697605,9.649681029789514
noise,10.0,0.0658435035664724,7.997321761671584,0.924275331413849,10.71828686633543,0.9901188349803214,4,2,0.13324413111510888,10.676066163899286
noise,15.0,0.029336843886089148,9.007074563091443,0.9607575324431069,10.296519672578349,0.9900943763291961,4,0,0.1686954592261927,10.346607473033501
noise,15.0,0.1918070449697551,10.326890835653407,0.7955789283184592,9.551676327617683,0.9873859732882143,4,1,0.19960673389513775,9.649681029789514
noise,15.0,0.09198103291501214,7.589003058213786,0.896759337348947,10.71828686633543,0.9887403702639591,4,2,0.18258764190884935,10.676066163899286
noise,20.0,0.04697044921953131,8.714930351275154,0.9428973896441214,10.296519672578349,0.9898678388636527,4,0,0.21666857311885043,10.346607473033501
noise,20.0,0.3755037591687067,10.516337117065786,0.6106814674373566,9.551676327617683,0.9861852266060633,4,1,0.24701033562051478,9.649681029789512
noise,20.0,0.12006958906430099,7.353440626846876,0.8666755109890297,10.71828686633543,0.9867451000533307,4,2,0.2319311527025901,10.676066163899286
none,0.0,0.0008034137353137849,9.836635326121364,0.9881224264814773,9.839876930204136,0.9889258402167911,5,0,0.005404952928557195,9.920095987648237
none,0.0,0.0012620737116560976,9.89672711456082,0.9888438624723507,9.893668027126115,0.9901059361840068,5,1,0.007120165158212116,9.976989152584451
none,0.0,0.0011747229419861727,9.632055988889231,0.9871322202062035,9.627755455377581,0.9883069431481897,5,2,0.004065375414249755,9.643569209851242
dominant,0.0,0.0008034137353137849,9.836635326121364,0.9881224264814773,9.839876930204136,0.9889258402167911,5,0,0.005404952928557195,9.920095987648237
dominant,0.0,0.0012620737116560976,9.89672711456082,0.9888438624723507,9.893668027126115,0.9901059361840068,5,1,0.007120165158212116,9.976989152584451
dominant,0.0,0.0011747229419861727,9.632055988889231,0.9871322202062035,9.627755455377581,0.9883069431481897,5,2,0.004065375414249755,9.643569209851242
dominant,1.0,0.0023551250488605957,9.671766954261374,0.9865731725593331,9.839876930204136,0.9889282976081937,5,0,0.9600841946415547,9.920095987648237
dominant,1.0,0.0024891587605710974,9.711989498430215,0.9876294515958902,9.893668027126116,0.9901186103564613,5,1,0.967292345012685,9.976989152584451
dominant,1.0,0.002676748514876204,9.349157199367962,0.9856491492937011,9.627755455377581,0.9883258978085773,5,2,0.9831835212500434,9.643569209851242
dominant,2.0,0.008476895795200057,9.297764037646747,0.9804487275320504,9.839876930204136,0.9889256233272504,5,0,1.914763436354554,9.920095987648237
dominant,2.0,0.011653098217556002,9.208236418845907,0.9784763948450597,9.893668027126116,0.9901294930626157,5,1,1.9274645248671596,9.976989152584451
dominant,2.0,0.01637948931317612,8.775654513126025,0.9719566370262109,9.627755455377581,0.988336126339387,5,2,1.9673019091931903,9.643569209851242
dominant,3.0,0.025972461858530083,8.931996026266527,0.9629453555154313,9.839876930204136,0.9889178173739613,5,0,2.8694426780675526,9.920095987648237
dominant,3.0,0.0403127935451143,8.772848167375823,0.9498257907573557,9.893668027126115,0.99013858430247,5,1,2.8876367047216345,9.97698915258445
dominant,3.0,0.06451951537197564,8.261355598093733,0.9238181133686435,9.627755455377581,0.9883376287406191,5,2,2.951420297136342,9.643569209851242
dominant,5.0,0.14099616794566217,8.56906257617755,0.8478906425046836,9.83987693020414,0.9888868104503458,5,0,4.778801161493546,9.920095987648237
dominant,5.0,0.20720546474068324,8.446340734109388,0.7829459276425952,9.893668027126115,0.9901513923832784,5,1,4.807981064430579,9.976989152584451
dominant,5.0,0.3628037177086505,7.770893495128324,0.6255107374456992,9.62775545537758,0.9883144551543497,5,2,4.919657073022643,9.643569209851242
dominant,7.0,0.3982140294434734,8.514887109817687,0.5906212473938737,9.83987693020414,0.9888352768373471,5,0,6.688159644919545,9.920095987648237
dominant,7.0,0.5629786414333554,8.410209580375616,0.42717839316553097,9.893668027126118,0.9901570345988864,5,1,6.7283254241395225,9.976989152584451
dominant,7.0,1.0221203660742586,7.669142553900891,-0.033863989024489616,9.627755455377578,0.988256377049769,5,2,6.887893848908945,9.643569209851242
dominant,10.0,1.0609063146419957,8.53301196202538,-0.07218682576674018,9.839876930204138,0.9887194888752556,5,0,9.552197370058542,9.920095987648237
dominant,10.0,1.473962002064637,8.408534309335407,-0.4838099401395892,9.893668027126116,0.9901520619250477,5,1,9.608841963702938,9.976989152584451
dominant,10.0,2.728464667785402,7.646795272213332,-1.7403608538643374,9.62775545537758,0.9881038139210644,5,2,9.840249012738404,9.643569209851242
dominant,15.0,2.892359343846161,8.547532556075993,-1.9039354683546401,9.839876930204136,0.9884238754915206,5,0,14.325593578623531,9.920095987648235
dominant,15.0,4.022685340021183,8.401791102096741,-3.0325773952118684,9.893668027126116,0.9901079448093147,5,1,14.409702862975301,9.976989152584451
dominant,15.0,7.460187698146762,7.6474383448596415,-6.472512678698428,9.627755455377585,0.9876750194483336,5,2,14.760840952454155,9.64356920985124
dominant,20.0,5.6207375504493475,8.551299008453704,-4.632737580150207,9.839876930204136,0.9879999702991407,5,0,19.09898978718852,9.920095987648237
dominant,20.0,7.880150064468095,8.40110824296581,-6.890131023432016,9.893668027126116,0.9900190410360794,5,1,19.210563762247688,9.976989152584453
dominant,20.0,14.527670822882392,7.650852125463144,-13.540642751146235,9.62775545537758,0.9870280717361575,5,2,19.681432892169912,9.64356920985124
noise,0.0,0.0008034137353137849,9.836635326121364,0.9881224264814773,9.839876930204136,0.9889258402167911,5,0,0.005404952928557195,9.920095987648237
noise,0.0,0.0012620737116560976,9.89672711456082,0.9888438624723507,9.893668027126115,0.9901059361840068,5,1,0.007120165158212116,9.976989152584451
noise,0.0,0.0011747229419861727,9.632055988889231,0.9871322202062035,9.627755455377581,0.9883069431481897,5,2,0.004065375414249755,9.643569209851242
noise,1.0,0.001374577915464581,9.871731778517177,0.9875193751357737,9.839876930204136,0.9888939530512383,5,0,0.015119523277295266,9.920095987648237
noise,1.0,0.0014921762032524821,9.897302039356486,0.9885439217476477,9.893668027126115,0.9900360979509002,5,1,0.01614416741504114,9.976989152584451
noise,1.0,0.001034706528674434,9.607554761437047,0.9872653544531105,9.627755455377581,0.9883000609817849,5,2,0.013663272061364279,9.643569209851242
noise,2.0,0.00157539354714209,9.854045234957104,0.98724982039577,9.839876930204136,0.9888252139429121,5,0,0.024834093626033334,9.920095987648237
noise,2.0,0.002426947075154118,9.844773757781068,0.9875097971281903,9.893668027126115,0.9899367442033444,5,1,0.025698891552394146,9.976989152584451
noise,2.0,0.0012232882258718103,9.564688236877682,0.9870692043464927,9.627755455377581,0.9882924925723645,5,2,0.023261168708478802,9.643569209851242
noise,3.0,0.0016680505518663624,9.80688830957099,0.9870515723399462,9.839876930204136,0.9887196228918126,5,0,0.03454866397477137,9.920095987648237
noise,3.0,0.0038851390753367188,9.771289831560722,0.985922735866003,9.893668027126115,0.9898078749413397,5,1,0.03525361568974718,9.976989152584451
noise,3.0,0.0016268140592594627,9.526674730072354,0.986657423860669,9.627755455377581,0.9882842379199285,5,2,0.03285906535559335,9.643569209851242
noise,5.0,0.0024914565143473455,9.64640195864423,0.9859064284469461,9.839876930204136,0.9883978849612934,5,0,0.05397780467224755,9.920095987648237
noise,5.0,0.008353450974590726,9.637057058113484,0.9811081388993924,9.893668027126116,0.9894615898739831,5,1,0.05436306396445316,9.976989152584451
noise,5.0,0.0029337829758844247,9.45998310449491,0.9853318869101249,9.627755455377581,0.9882656698860093,5,2,0.052054858649822455,9.643569209851242
noise,7.0,0.0027300359865707335,9.555463310667397,0.9851987032731101,9.839876930204136,0.9879287392596808,5,0,0.07340694536972368,9.920095987648237
noise,7.0,0.015053370265151966,9.508040885002089,0.9739438724836784,9.893668027126116,0.9889972427488304,5,1,0.07347251223915921,9.976989152584451
noise,7.0,0.005418140027532603,9.445967756716502,0.9828262168524947,9.627755455377581,0.9882443568800273,5,2,0.07125065194405149,9.643569209851242
noise,10.0,0.0028405574897009123,9.572671094978451,0.9841080736467608,9.839876930204136,0.9869486311364617,5,0,0.10255065641593787,9.920095987648237
noise,10.0,0.026615088989954794,9.375986317929504,0.9614642667127785,9.893668027126115,0.9880793557027333,5,1,0.10213668465121838,9.976989152584451
noise,10.0,0.012123694525358997,9.488591704579875,0.9760835460230779,9.627755455377581,0.9882072405484369,5,2,0.10004434188539513,9.643569209851242
noise,15.0,0.0025035000704831667,9.603777944258375,0.9820745786718127,9.839876930204136,0.9845780787422959,5,0,0.15112350815962813,9.920095987648237
noise,15.0,0.052905769355138466,9.317561003011148,0.9330534643151189,9.893668027126115,0.9859592336702574,5,1,0.1499103053379835,9.976989152584451
noise,15.0,0.03562227123547179,9.567132826948695,0.952509383900001,9.627755455377581,0.9881316551354727,5,2,0.1480338251209678,9.643569209851242
noise,20.0,0.0002294076558319036,9.577164556243863,0.981056820122964,9.839876930204136,0.9812862277787959,5,0,0.19969635990331844,9.920095987648237
noise,20.0,0.09216945386454922,9.339011450715274,0.8909317699120061,9.893668027126115,0.9831012237765553,5,1,0.19768392602474852,9.976989152584451
noise,20.0,0.07943063592739485,9.590074926439906,0.9086082777197217,9.627755455377581,0.9880389136471166,5,2,0.19602330835654028,9.643569209851242
none,0.0,0.0023234079202135716,9.880106267490534,0.9890904013525995,9.882939352309585,0.9914138092728131,6,0,0.016654763623102625,10.016399349025587
none,0.0,0.0015740543929327888,9.918994573937221,0.9874128375627348,9.942929242743888,0.9889868919556676,6,1,0.01881200863408609,9.961638510092362
none,0.0,0.001967819602926024,10.057255278562096,0.9872366942289698,10.12557939075099,0.9892045138318958,6,2,0.026024466132661447,10.1460689995551
dominant,0.0,0.0023234079202135716,9.880106267490534,0.9890904013525995,9.882939352309585,0.9914138092728131,6,0,0.016654763623102625,10.016399349025587
dominant,0.0,0.0015740543929327888,9.918994573937221,0.9874128375627348,9.942929242743888,0.9889868919556676,6,1,0.01881200863408609,9.961638510092362
dominant,0.0,0.001967819602926024,10.057255278562096,0.9872366942289698,10.12557939075099,0.9892045138318958,6,2,0.026024466132661447,10.1460689995551
dominant,1.0,0.004051447463154112,9.596247070225493,0.9873493643052638,9.882939352309585,0.9914008117684179,6,0,0.9782466416540381,10.016399349025587
dominant,1.0,0.005202222859929551,9.554377368060004,0.9837850420240364,9.942929242743888,0.9889872648839659,6,1,0.9948631333521039,9.961638510092362
dominant,1.0,0.003054745969588879,9.858053171318144,0.9861581249410639,10.12557939075099,0.9892128709106528,6,2,1.0035147955319745,10.1460689995551
dominant,2.0,0.015339147231768102,9.065839419516406,0.9760443903990589,9.882939352309585,0.991383537630827,6,0,1.9678077207094176,10.016399349025587
dominant,2.0,0.027991503372055138,8.759957926980627,0.9609959996912953,9.942929242743888,0.9889875030633505,6,1,1.9709142580701229,9.961638510092362
dominant,2.0,0.011024326176683807,9.384566456656438,0.9781861657203602,10.12557939075099,0.989210491897044,6,2,1.9810051249312868,10.1460689995551
dominant,3.0,0.054169501795117814,8.543297537640068,0.9371924850649228,9.882939352309583,0.9913619868600406,6,0,2.9573687997648013,10.016399349025587
dominant,3.0,0.10018689136475623,8.133416496595064,0.8888007151290651,9.942929242743888,0.9889876064938213,6,1,2.9469653827881386,9.961638510092362
dominant,3.0,0.038521649428239435,8.973674268968717,0.9506757273628302,10.125579390750993,0.9891973767910697,6,2,2.9584954543306,10.1460689995551
dominant,5.0,0.30649467111261686,8.036447322974977,0.6848113843062642,9.882939352309585,0.9913060554188811,6,0,4.93649095787556,10.016399349025587
dominant,5.0,0.4954682408294532,7.8118479932965,0.49351916827856857,9.942929242743888,0.9889874091080217,6,1,4.899067632224175,9.96163851009236
dominant,5.0,0.19780857142623887,8.660654179520977,0.791330366875785,10.12557939075099,0.9891389383020238,6,2,4.9134761131292235,10.1460689995551
dominant,7.0,0.8585903866319127,7.985040909007214,0.13264263081302652,9.882939352309586,0.9912330174449392,6,0,6.915613115986325,10.016399349025587
dominant,7.0,1.280940810267208,7.74770124567024,-0.2919541375406407,9.942929242743885,0.9889866727265673,6,1,6.851169881660214,9.961638510092362
dominant,7.0,0.5269487507845381,8.603112470935976,0.46208880465897706,10.12557939075099,0.9890375554435151,6,2,6.868456771927838,10.1460689995551
dominant,10.0,2.2341550900537017,7.9953432669933955,-1.2430637043186423,9.882939352309585,0.9910913857350594,6,0,9.884296353152461,10.016399349025587
dominant,10.0,3.213425376549703,7.725951787997114,-2.2244408190121705,9.942929242743887,0.9889845575375326,6,1,9.779323255814278,9.96163851009236
dominant,10.0,1.3467831686499951,8.597480048789057,-0.35797820818698556,10.12557939075099,0.9888049604630096,6,2,9.800927760125786,10.146068999555101
dominant,15.0,5.972286260838501,8.001285706192522,-4.9815164606171525,9.882939352309588,0.9907698002213484,6,0,14.832101748429357,10.016399349025585
dominant,15.0,8.45145747886323,7.720439750149002,-7.4624791416190295,9.942929242743892,0.9889783372442,6,1,14.659578879404366,9.96163851009236
dominant,15.0,3.574487996549668,8.605251179516419,-2.586285416234815,10.12557939075099,0.9882025803148534,6,2,14.688379407122358,10.146068999555101
dominant,20.0,11.522825047406931,8.001938287904181,-10.532483748529183,9.882939352309586,0.9903412988777478,6,0,19.779907143706257,10.016399349025585
dominant,20.0,16.210876717024142,7.717805411332952,-15.221907968796117,9.942929242743887,0.988968748228024,6,1,19.539834502994445,9.96163851009236
dominant,20.0,6.882113347994986,8.602877091112047,-5.894781550137431,10.125579390750993,0.987331797857555,6,2,19.575831054118908,10.146068999555101
noise,0.0,0.0023234079202135716,9.880106267490534,0.9890904013525995,9.882939352309585,0.9914138092728131,6,0,0.016654763623102625,10.016399349025587
noise,0.0,0.0015740543929327888,9.918994573937221,0.9874128375627348,9.942929242743888,0.9889868919556676,6,1,0.01881200863408609,9.961638510092362
noise,0.0,0.001967819602926024,10.057255278562096,0.9872366942289698,10.12557939075099,0.9892045138318958,6,2,0.026024466132661447,10.1460689995551
noise,1.0,0.0024426701291226927,9.818161882235284,0.9889433990066403,9.882939352309585,0.991386069135763,6,0,0.024159326486991983,10.016399349025587
noise,1.0,0.0018772228532372148,9.893636723103166,0.9871103759564424,9.942929242743888,0.9889875988096796,6,1,0.0278831232514222,9.961638510092362
noise,1.0,0.0020677682694697497,10.007652510375635,0.9871407624703832,10.12557939075099,0.9892085307398529,6,2,0.034407778389835546,10.1460689995551
noise,2.0,0.004346972812032779,9.622529733904207,0.9869964385565523,9.882939352309585,0.9913434113685851,6,0,0.03384639021096538,10.016399349025587
noise,2.0,0.002568704964835966,9.784748299498979,0.9864177575311025,9.942929242743888,0.9889864624959385,6,1,0.03735246274993007,9.961638510092362
noise,2.0,0.002877835508158122,9.844719813946533,0.9863334920041456,10.12557939075099,0.9892113275123037,6,2,0.04403302965949932,10.1460689995551
noise,3.0,0.008870468510304597,9.325520951508965,0.9824153674609746,9.882939352309585,0.9912858359712792,6,0,0.04353345393493877,10.016399349025587
noise,3.0,0.003721661951775479,9.672051612285756,0.985261821062669,9.942929242743888,0.9889834830144445,6,1,0.046821802248437995,9.961638510092362
noise,3.0,0.0050797480448245835,9.602206013987827,0.9841331561044234,10.12557939075099,0.989212904149248,6,2,0.05365828092916309,10.1460689995551
noise,5.0,0.024502576769708462,8.678599063571829,0.9666233555165753,9.882939352309585,0.9911259322862838,6,0,0.0629075813828856,10.016399349025587
noise,5.0,0.0051261066647702025,9.458820961750384,0.9838458878834275,9.942929242743888,0.9889719945481977,6,1,0.06576048124545372,9.961638510092362
noise,5.0,0.014400874569014621,9.033975566978174,0.9748115224476027,10.12557939075099,0.9892123970166173,6,2,0.07290878346849061,10.1460689995551
noise,7.0,0.04143042526929941,8.181938049572542,0.9494759328114775,9.882939352309585,0.9909063580807769,6,0,0.08228170883083237,10.016399349025587
noise,7.0,0.006899857988432512,9.311275402974857,0.9820532754225066,9.942929242743888,0.9889531334109392,6,1,0.08469916024246948,9.961638510092362
noise,7.0,0.02706299426344283,8.543249217394601,0.9621440150785181,10.12557939075099,0.9892070093419609,6,2,0.09215928600781821,10.1460689995551
noise,10.0,0.05669807493861467,7.759717695648859,0.9337670396079427,9.882939352309585,0.9904651145465574,6,0,0.11134290000275252,10.016399349025587
noise,10.0,0.012325160710836447,9.069403950300423,0.9765858572360677,9.942929242743888,0.9889110179469042,6,1,0.11310717873799314,9.961638510092362
noise,10.0,0.0423123589436607,8.090291765105007,0.9468774178700174,10.12557939075099,0.9891897768136781,6,2,0.12103503981680946,10.1460689995551
noise,15.0,0.06431289722472955,7.500576885131432,0.9251184588289043,9.882939352309585,0.9894313560536339,6,0,0.15977821862261954,10.016399349025587
noise,15.0,0.021439153624105867,8.809984435912465,0.967364808527681,9.942929242743887,0.9888039621517869,6,1,0.1604538762305325,9.961638510092362
noise,15.0,0.05100611522899101,7.934804484692794,0.9381305379940872,10.12557939075099,0.9891366532230782,6,2,0.16916129616512823,10.1460689995551
noise,20.0,0.06371287532336989,7.456297974497984,0.9243117814841433,9.882939352309585,0.9880246568075132,6,0,0.20821353724248665,10.016399349025587
noise,20.0,0.030364276722473993,8.675556688838384,0.9582865504403719,9.942929242743887,0.9886508271628459,6,1,0.207800573723072,9.961638510092362
noise,20.0,0.056375970021961486,7.955854606453824,0.9326770562228561,10.12557939075099,0.9890530262448176,6,2,0.2172875525134471,10.1460689995551
none,0.0,0.002238517852584332,9.850512777920274,0.9869227608834833,9.913609788139945,0.9891612787360676,7,0,0.015755518680043473,10.030665543422515
none,0.0,0.001339882874613063,10.229795887178557,0.9881162371374895,10.23729600797573,0.9894561200121026,7,1,0.018579361293219746,10.258588330770836
none,0.0,0.0013551563665245014,9.795258378672722,0.9877969918322573,9.842072596638767,0.9891521481987818,7,2,0.04595951191344981,9.998229829710322
dominant,0.0,0.002238517852584332,9.850512777920274,0.9869227608834833,9.913609788139945,0.9891612787360676,7,0,0.015755518680043473,10.030665543422515
dominant,0.0,0.001339882874613063,10.229795887178557,0.9881162371374895,10.23729600797573,0.9894561200121026,7,1,0.018579361293219746,10.258588330770836
dominant,0.0,0.0013551563665245014,9.795258378672722,0.9877969918322573,9.842072596638767,0.9891521481987818,7,2,0.04595951191344981,9.998229829710322
dominant,1.0,0.002405751432626002,9.783348006827001,0.986753713613389,9.913609788139945,0.989159465046015,7,0,0.9880448862897023,10.030665543422515
dominant,1.0,0.004092922479536409,9.893771755368267,0.9853406136798404,10.23729600797573,0.9894335361593768,7,1,0.972013272469231,10.258588330770836
dominant,1.0,0.0018636296282967812,9.692377283538908,0.9872911103753155,9.842072596638767,0.9891547400036123,7,2,0.9165150143904122,9.998229829710322
dominant,2.0,0.0075911922629803286,9.436362159007752,0.9815660202651473,9.913609788139947,0.9891572125281276,7,0,1.9603342538993613,10.030665543422515
dominant,2.0,0.01578811271406133,9.286026521399759,0.9736184355496885,10.23729600797573,0.9894065482637499,7,1,1.9254471836452378,10.258588330770836
dominant,2.0,0.00813113430013146,9.309747709619325,0.9810157941352813,9.842072596638767,0.9891469284354127,7,2,1.8761054665596821,9.998229829710322
dominant,3.0,0.026468076974201282,8.979444050238083,0.9626864442082043,9.913609788139947,0.9891545211824055,7,0,2.93262362150902,10.030665543422515
dominant,3.0,0.05719082750566129,8.639534603709544,0.9321843288195603,10.23729600797573,0.9893751563252215,7,1,2.878881094821247,10.258588330770836
dominant,3.0,0.038693647089747873,8.693804171275339,0.9504350664044353,9.842072596638765,0.9891287134941832,7,2,2.8356959187289554,9.998229829710322
dominant,5.0,0.16701019712911291,8.491371340903063,0.8221376248783441,9.913609788139945,0.989147822007457,7,0,4.877202356728335,10.030665543422515
dominant,5.0,0.3341160342878835,8.14251698290024,0.6551831260315777,10.23729600797573,0.9892991603194612,7,1,4.785748917173268,10.258588330770836
dominant,5.0,0.2889527853310292,7.90701546480646,0.700108288161605,9.842072596638767,0.9890610734926342,7,2,4.754876823067495,9.998229829710324
dominant,7.0,0.4826840984786147,8.481130930976688,0.5064552690425548,9.913609788139944,0.9891393675211695,7,0,6.821781091947657,10.030665543422515
dominant,7.0,0.9580413037891385,8.097045313960114,0.031164244352957282,10.23729600797573,0.9892055481420958,7,1,6.69261673952529,10.258588330770836
dominant,7.0,0.9133524761688089,7.807139198284006,0.07559934383015632,9.84207259663877,0.9889518199989652,7,2,6.674057727406041,9.998229829710322
dominant,10.0,1.2816605030669015,8.496353413063792,-0.2925371084839241,9.913609788139945,0.9891233945829775,7,0,9.738649194776626,10.030665543422515
dominant,10.0,2.558731205025742,8.118584647762848,-1.5696991054714537,10.237296007975727,0.9890320995542885,7,1,9.552918473053317,10.258588330770836
dominant,10.0,2.5922630893124885,7.810375848622196,-1.6035531748517515,9.842072596638767,0.9887099144607369,7,2,9.552829083913847,9.998229829710324
dominant,15.0,3.4744052187440384,8.495230661263127,-2.4853172222814095,9.91360978813995,0.9890879964626288,7,0,14.600096032824903,10.030665543422515
dominant,15.0,6.981541477747296,8.138215297926791,-5.992886540030711,10.237296007975731,0.9886549377165844,7,1,14.320088028933371,10.258588330770836
dominant,15.0,7.333855824632766,7.807869663928599,-6.345757153529676,9.842072596638765,0.98809867110309,7,2,14.350781344760193,9.998229829710324
dominant,20.0,6.741901140524145,8.491980730688962,-5.752859512877733,9.913609788139945,0.9890416276464112,7,0,19.461542870873213,10.030665543422513
dominant,20.0,13.602625632190199,8.147909435483863,-12.61445795738385,10.23729600797573,0.988167674806349,7,1,19.087257584813425,10.258588330770836
dominant,20.0,14.487712825719578,7.804954769673159,-13.500485482299885,9.842072596638767,0.9872273434196934,7,2,19.14873360560655,9.998229829710324
noise,0.0,0.002238517852584332,9.850512777920274,0.9869227608834833,9.913609788139945,0.9891612787360676,7,0,0.015755518680043473,10.030665543422515
noise,0.0,0.001339882874613063,10.229795887178557,0.9881162371374895,10.23729600797573,0.9894561200121026,7,1,0.018579361293219746,10.258588330770836
noise,0.0,0.0013551563665245014,9.795258378672722,0.9877969918322573,9.842072596638767,0.9891521481987818,7,2,0.04595951191344981,9.998229829710322
noise,1.0,0.0026190247509672027,9.842910307855625,0.9865374310929964,9.913609788139945,0.9891564558439636,7,0,0.025083251331907114,10.030665543422515
noise,1.0,0.0010673286350860733,10.201542823876979,0.9883809574370293,10.23729600797573,0.9894482860721153,7,1,0.027405243429920154,10.258588330770836
noise,1.0,0.0015505299984349685,9.75832370008513,0.9875972881793698,9.842072596638767,0.9891478181778047,7,2,0.05525451952552996,9.998229829710322
noise,2.0,0.0037768275436373955,9.717905460519068,0.9853724876076462,9.913609788139945,0.9891493151512836,7,0,0.034410983983770765,10.030665543422515
noise,2.0,0.0011281163202788713,10.138681649789184,0.98831173419981,10.23729600797573,0.9894398505200889,7,1,0.03686859692246684,10.258588330770836
noise,2.0,0.0026862067785561328,9.631286057786841,0.9864553453625972,9.842072596638767,0.9891415521411533,7,2,0.06481555510637255,9.998229829710322
noise,3.0,0.0065059973686123485,9.505118744220734,0.9826338592894149,9.913609788139945,0.9891398566580273,7,0,0.04373871663563443,10.030665543422515
noise,3.0,0.0019559655904330953,10.071722779983626,0.9874748477655901,10.23729600797573,0.9894308133560232,7,1,0.04633195041501352,10.258588330770836
noise,3.0,0.004147821213048797,9.48532337859989,0.9849855288757785,9.842072596638767,0.9891333500888273,7,2,0.07437659068721512,9.998229829710322
noise,5.0,0.01744462863779972,9.07030654068674,0.9716693576319864,9.913609788139945,0.9891139862697861,7,0,0.06239418193936171,10.030665543422515
noise,5.0,0.006685277755128949,9.998365494230773,0.9827256564366456,10.23729600797573,0.9894109341917745,7,1,0.0652586574001068,10.258588330770836
noise,5.0,0.008186934123509793,9.208783802554835,0.9809242038136425,9.842072596638767,0.9891111379371523,7,2,0.09349866184890031,9.998229829710322
noise,7.0,0.035166528347294834,8.751400212393362,0.9539123163319453,9.913609788139945,0.9890788446792401,7,0,0.081049647243089,10.030665543422515
noise,7.0,0.015018987125995698,10.03925322570027,0.9743696614533734,10.23729600797573,0.9893886485793691,7,1,0.08418536438520013,10.258588330770836
noise,7.0,0.011140013427949014,9.048221943384542,0.9779411682948306,9.842072596638767,0.9890811817227796,7,2,0.11262073301058545,9.998229829710322
noise,10.0,0.07522752110287612,8.40163409525001,0.9137812276862236,9.913609788139945,0.9890087487890997,7,0,0.1090328451986799,10.030665543422515
noise,10.0,0.0357272888109359,10.121546821490881,0.9536234192595315,10.23729600797573,0.9893507080704674,7,1,0.1125754248628402,10.258588330770836
noise,10.0,0.013896609459288944,8.9162054577061,0.9751251178243734,9.842072596638767,0.9890217272836623,7,2,0.1413038397531132,9.998229829710322
noise,15.0,0.17440881568666,7.992186221948483,0.8144367506073487,9.913609788139945,0.9888455662940087,7,0,0.1556715084579981,10.030665543422515
noise,15.0,0.09004549657736072,10.247948199692527,0.8992299450708207,10.23729600797573,0.9892754416481814,7,1,0.15989219232557356,10.258588330770836
noise,15.0,0.017139041517154174,8.820639682584646,0.9717448747211579,9.842072596638767,0.9888839162383121,7,2,0.1891090176573261,9.998229829710322
noise,20.0,0.3111919674865554,7.791456001114223,0.6774324712979575,9.913609788139945,0.9886244387845129,7,0,0.2023101717173164,10.030665543422515
noise,20.0,0.169281159444017,10.346675072925843,0.8199039754808993,10.23729600797573,0.9891851349249163,7,1,0.20720895978830695,10.258588330770836
noise,20.0,0.020800588867251446,8.815059064593358,0.96789711593385,9.842072596638767,0.9886977048011014,7,2,0.23691419556153903,9.998229829710322
none,0.0,0.0024603940712185635,9.80050070488938,0.9861348547831542,9.855497747216024,0.9885952488543728,8,0,0.08904760029485712,9.840845663957161
none,0.0,0.000910640839108412,10.000970457901554,0.9884764569334655,10.058027454329176,0.9893870977725739,8,1,0.021720219640571192,10.088260309339192
none,0.0,0.0013298009677052969,10.517527944425424,0.9898068205969398,10.566623054966557,0.9911366215646451,8,2,0.06799100690214996,10.53733558043503
dominant,0.0,0.0024603940712185635,9.80050070488938,0.9861348547831542,9.855497747216024,0.9885952488543728,8,0,0.08904760029485712,9.840845663957161
dominant,0.0,0.000910640839108412,10.000970457901554,0.9884764569334655,10.058027454329176,0.9893870977725739,8,1,0.021720219640571192,10.088260309339192
dominant,0.0,0.0013298009677052969,10.517527944425424,0.9898068205969398,10.566623054966557,0.9911366215646451,8,2,0.06799100690214996,10.53733558043503
dominant,1.0,0.006385338411359021,9.403490023602606,0.9822028662591535,9.855497747216022,0.9885882046705126,8,0,1.0850197227990612,9.840845663957161
dominant,1.0,0.0038401394544257395,9.81842600646122,0.9854758936068705,10.058027454329176,0.9893160330612962,8,1,0.9839006731984831,10.088260309339192
dominant,1.0,0.002940570874429782,10.242219527792638,0.988148670946708,10.566623054966557,0.9910892418211378,8,2,1.0327731356042393,10.537335580435029
dominant,2.0,0.03261959368789724,8.58809226648392,0.9559570026781633,9.855497747216024,0.9885765963660605,8,0,2.080991845303263,9.840845663957161
dominant,2.0,0.013678687715930948,9.357750534179248,0.9755414269093419,10.058027454329176,0.9892201146252728,8,1,1.9460811267563942,10.088260309339192
dominant,2.0,0.01062515596657998,9.732075262646378,0.9803902073026312,10.566623054966557,0.9910153632692111,8,2,1.997555264306327,10.53733558043503
dominant,3.0,0.12445996087979383,7.79403993664615,0.8641004630612229,9.855497747216026,0.9885604239410167,8,0,3.076963967807467,9.840845663957161
dominant,3.0,0.04410365564892882,8.897895269736825,0.944995686815575,10.058027454329176,0.9890993424645038,8,1,2.9082615803143046,10.088260309339192
dominant,3.0,0.03801810677565276,9.262352424642996,0.9528968791332123,10.566623054966557,0.9909149859088651,8,2,2.9623373930084185,10.53733558043503
dominant,5.0,0.6574472680928966,7.314341849074825,0.3310671186362575,9.855497747216024,0.988514386729154,8,0,5.06890821281587,9.84084566395716
dominant,5.0,0.22537817202925092,8.50809705186981,0.7634050649394775,10.058027454329176,0.9887832369687284,8,1,4.832622487430129,10.088260309339192
dominant,5.0,0.22164340798749116,8.748442785810477,0.7689913267754239,10.566623054966557,0.9906347347629151,8,2,4.891901650412592,10.53733558043503
dominant,7.0,1.7439823179205898,7.28499091619005,-0.7555322248856655,9.855497747216019,0.9884500930349244,8,0,7.0608524578242795,9.840845663957161
dominant,7.0,0.6112081575440921,8.464306001396796,0.3771595590298783,10.058027454329178,0.9883677165739704,8,1,6.756983394545953,10.088260309339192
dominant,7.0,0.6459394627258247,8.61967157412818,0.3443090256574629,10.566623054966557,0.9902484883832876,8,2,6.821465907816775,10.53733558043503
dominant,10.0,4.421208069432007,7.284454533306608,-3.432888647842865,9.855497747216022,0.988319421589142,8,0,10.048768825336898,9.84084566395716
dominant,10.0,1.6041583931575931,8.462920778977812,-0.6166003601113528,10.058027454329176,0.9875580330462403,8,1,9.64352475521969,10.088260309339192
dominant,10.0,1.7652990626527614,8.59025980961122,-0.7758286849020599,10.566623054966557,0.9894703777507015,8,2,9.715812293923042,10.53733558043503
dominant,15.0,11.660127300934477,7.285072486088991,-10.67211694750014,9.855497747216027,0.9880103534343365,8,0,15.028629437857925,9.84084566395716
dominant,15.0,4.366555489551775,8.485428702670088,-3.380844003546666,10.058027454329176,0.9857114860051096,8,1,14.454427023009247,10.088260309339194
dominant,15.0,4.916438238792139,8.58463873545407,-3.9287946882641354,10.566623054966561,0.9876435505280043,8,2,14.539722937433492,10.53733558043503
dominant,20.0,22.361581043639067,7.286490887249533,-21.37399386137433,9.855497747216024,0.9875871822647376,8,0,20.008490050378942,9.84084566395716
dominant,20.0,8.531365599540845,8.485198863045628,-7.548122003695509,10.058027454329176,0.9832435958453363,8,1,19.2653292907988,10.088260309339194
dominant,20.0,9.67232551226249,8.583404615847353,-8.687171259167666,10.566623054966557,0.9851542530948235,8,2,19.363633580943933,10.53733558043503
noise,0.0,0.0024603940712185635,9.80050070488938,0.9861348547831542,9.855497747216024,0.9885952488543728,8,0,0.08904760029485712,9.840845663957161
noise,0.0,0.000910640839108412,10.000970457901554,0.9884764569334655,10.058027454329176,0.9893870977725739,8,1,0.021720219640571192,10.088260309339192
noise,0.0,0.0013298009677052969,10.517527944425424,0.9898068205969398,10.566623054966557,0.9911366215646451,8,2,0.06799100690214996,10.53733558043503
noise,1.0,0.0021636639084081644,9.74264399318097,0.9864260712613853,9.855497747216024,0.9885897351697934,8,0,0.09854048532396319,9.84084566395716
noise,1.0,0.0008264457020569216,9.983085203233342,0.9886009125335836,10.058027454329176,0.9894273582356405,8,1,0.030988532548262816,10.088260309339192
noise,1.0,0.0013914761903950357,10.454274453619975,0.9897474180494149,10.566623054966557,0.9911388942398099,8,2,0.07756043174733031,10.53733558043503
noise,2.0,0.002646300965351789,9.590081500550756,0.9859347860305936,9.855497747216024,0.9885810869959454,8,0,0.10803337035306929,9.840845663957161
noise,2.0,0.001643898257712495,9.908236888110102,0.9878064332007735,10.058027454329176,0.989450331458486,8,1,0.04074892566155342,10.088260309339192
noise,2.0,0.002012893078558009,10.323346387513782,0.9891281498435401,10.566623054966557,0.9911410429220981,8,2,0.0871298565925106,10.53733558043503
noise,3.0,0.0036953778485928623,9.416493853401086,0.9848739264842358,9.855497747216024,0.9885693043328286,8,0,0.11752625538217533,9.840845663957161
noise,3.0,0.0024045643926257076,9.823764063245566,0.9870514530484846,10.058027454329176,0.9894560174411103,8,1,0.050509318774844054,10.088260309339192
noise,3.0,0.0029612642801074562,10.194330811516043,0.9881818033314023,10.566623054966557,0.9911430676115097,8,2,0.09669928143769095,10.53733558043503
noise,5.0,0.006274388104576256,9.160032079467367,0.9822619474342128,9.855497747216024,0.9885363355387891,8,0,0.13651202544038743,9.840845663957161
noise,5.0,0.004493134850243052,9.641930917774163,0.9849223928354528,10.058027454329176,0.9894155276856959,8,1,0.07003010500142526,10.088260309339192
noise,5.0,0.005533079662441431,9.94068606647293,0.9856136653492613,10.566623054966557,0.9911467450117027,8,2,0.11583813112805162,10.53733558043503
noise,7.0,0.00970889423414345,9.025833837605976,0.9787819345535315,9.855497747216022,0.9884908287876749,8,0,0.15549779549859963,9.840845663957161
noise,7.0,0.007384710487289059,9.523235253108986,0.9819211784821078,10.058027454329176,0.9893058889693969,8,1,0.08955089122800651,10.088260309339192
noise,7.0,0.008330244255755348,9.737098714889823,0.9828196821846339,10.566623054966557,0.9911499264403892,8,2,0.13497698081841233,10.53733558043503
noise,10.0,0.017678960957830392,8.881987220027357,0.970720099033658,9.855497747216024,0.9883990599914884,8,0,0.18397645058591797,9.840845663957161
noise,10.0,0.014212632011273318,9.405553135223919,0.9747991445820168,10.058027454329176,0.9890117765932901,8,1,0.11883207056787848,10.088260309339192
noise,10.0,0.012936096049661505,9.517069411218289,0.9782176725871825,10.566623054966557,0.991153768636844,8,2,0.16368525535395326,10.53733558043503
noise,15.0,0.03621734204345617,8.733790647732421,0.9519660801690145,9.855497747216024,0.9881834222124707,8,0,0.23144087573144825,9.84084566395716
noise,15.0,0.03491172280776811,9.283437683141283,0.9532641216875888,10.058027454329176,0.9881758444953569,8,1,0.16763403613433162,10.088260309339192
noise,15.0,0.023699289165441617,9.246975307066734,0.9674584032746273,10.566623054966557,0.9911576924400689,8,2,0.21153237957985493,10.53733558043503
noise,20.0,0.05980157782366047,8.66765965079778,0.9280878443780755,9.855497747216024,0.9878894222017359,8,0,0.2789053008769785,9.840845663957161
noise,20.0,0.06637290325154133,9.226890834099414,0.9205348281403547,10.058027454329176,0.986907731391896,8,1,0.2164360017007848,10.088260309339192
noise,20.0,0.03856000915847313,9.037934898765222,0.9525985072629042,10.566623054966557,0.9911585164213773,8,2,0.2593795038057566,10.53733558043503
none,0.0,0.0016457572375170315,9.570542487844863,0.9880273263031736,9.558381742625896,0.9896730835406906,9,0,0.03704776813035306,9.603971988689366
none,0.0,0.0020829104681661104,10.292613898266824,0.9889030092516864,10.346616680802219,0.9909859197198525,9,1,0.01745171733386261,10.404962307103574
none,0.0,0.002055035845348163,9.962904001588889,0.9879586483944353,9.996930032166524,0.9900136842397834,9,2,0.014627044094482202,10.090645617280202
dominant,0.0,0.0016457572375170315,9.570542487844863,0.9880273263031736,9.558381742625896,0.9896730835406906,9,0,0.03704776813035306,9.603971988689366
dominant,0.0,0.0020829104681661104,10.292613898266824,0.9889030092516864,10.346616680802219,0.9909859197198525,9,1,0.01745171733386261,10.404962307103574
dominant,0.0,0.002055035845348163,9.962904001588889,0.9879586483944353,9.996930032166524,0.9900136842397834,9,2,0.014627044094482202,10.090645617280202
dominant,1.0,0.006137408355318619,9.211960882399412,0.9835250957433911,9.558381742625896,0.9896625040987097,9,0,1.024580417512573,9.603971988689366
dominant,1.0,0.004367923865768009,10.070862268698104,0.9866158784920893,10.346616680802219,0.9909838023578573,9,1,0.995821231317073,10.404962307103572
dominant,1.0,0.0038783473489115705,9.715413956181859,0.9861341140097211,9.996930032166524,0.9900124613586326,9,2,0.9827118925079952,10.090645617280202
dominant,2.0,0.03350446840278154,8.315741903588222,0.9561467677855348,9.558381742625896,0.9896512361883163,9,0,2.0121130668947917,9.603971988689366
dominant,2.0,0.022113900010859333,9.336412577819402,0.968854479259844,10.346616680802219,0.9909683792707034,9,1,1.9741907453002838,10.404962307103574
dominant,2.0,0.018620402343397346,9.088713665244319,0.9713907816532718,9.996930032166524,0.9900111839966691,9,2,1.950796740921506,10.090645617280202
dominant,3.0,0.12843693229543096,7.542337727962553,0.8612023475140795,9.558381742625896,0.9896392798095105,9,0,2.9996457162770094,9.603971988689366
dominant,3.0,0.08914592301595636,8.508652173686524,0.9017937274424344,10.346616680802219,0.9909396504583907,9,1,2.9525602592834965,10.404962307103574
dominant,3.0,0.0673602485765783,8.493417504974383,0.9226496035773145,9.996930032166526,0.9900098521538928,9,2,2.918881589335016,10.090645617280202
dominant,5.0,0.6764721971183277,7.181738157392157,0.31314110452833377,9.558381742625897,0.9896133016466615,9,0,4.974711015041449,9.603971988689366
dominant,5.0,0.5199483288758256,7.764846512176689,0.4708939467824631,10.346616680802219,0.9908422756582888,9,1,4.909299287249907,10.404962307103572
dominant,5.0,0.3766136971549131,7.91804160151103,0.6133933278709887,9.996930032166524,0.9900070250259018,9,2,4.855051286162042,10.090645617280202
dominant,7.0,1.7765996930524164,7.15821525525898,-0.7870151234422536,9.558381742625897,0.9895845696101627,9,0,6.949776313805887,9.603971988689366
dominant,7.0,1.4504253639792861,7.701119274390758,-0.4597336860217345,10.346616680802219,0.9906916779575516,9,1,6.866038315216325,10.404962307103574
dominant,7.0,1.0575792553538759,7.853504127576945,-0.06757527537921626,9.996930032166524,0.9900039799746596,9,2,6.791220982989067,10.090645617280202
dominant,10.0,4.479369872255775,7.147692365776312,-3.4898335642134546,9.558381742625896,0.9895363080423212,9,0,9.91237426195254,9.603971988689366
dominant,10.0,3.802589415431742,7.719797356301102,-2.812223426963987,10.346616680802219,0.990365988467755,9,1,9.801146857165959,10.404962307103572
dominant,10.0,2.7826041395150805,7.8794007888632835,-1.7926051357233797,9.996930032166524,0.9899990037917006,9,2,9.695475528229613,10.090645617280202
dominant,15.0,11.794425435619631,7.144022499260384,-10.804983332891961,9.5583817426259,0.9894421027276699,9,0,14.850037508863638,9.603971988689366
dominant,15.0,10.243172618600715,7.740836029388164,-9.253615560452463,10.346616680802219,0.9895570581482513,9,1,14.692994427082017,10.404962307103572
dominant,15.0,7.5139435512135115,7.9027551496819095,-6.523953930676331,9.996930032166524,0.9899896205371799,9,2,14.535899770297165,10.090645617280204
dominant,20.0,22.634402834800365,7.13973592626498,-21.645072149097658,9.558381742625894,0.9893306857027072,9,0,19.787700755774736,9.603971988689366
dominant,20.0,19.82061630153835,7.748115295049639,-18.832200816838572,10.346616680802219,0.9884154846997774,9,1,19.584841996998083,10.404962307103574
dominant,20.0,14.563929919901978,7.9060058540631175,-13.573951044639639,9.996930032166526,0.9899788752623397,9,2,19.376324012364716,10.090645617280204
noise,0.0,0.0016457572375170315,9.570542487844863,0.9880273263031736,9.558381742625896,0.9896730835406906,9,0,0.03704776813035306,9.603971988689366
noise,0.0,0.0020829104681661104,10.292613898266824,0.9889030092516864,10.346616680802219,0.9909859197198525,9,1,0.01745171733386261,10.404962307103574
noise,0.0,0.002055035845348163,9.962904001588889,0.9879586483944353,9.996930032166524,0.9900136842397834,9,2,0.014627044094482202,10.090645617280202
noise,1.0,0.0023071254498202576,9.458917110157977,0.987381466620237,9.558381742625896,0.9896885920700572,9,0,0.04553012109162842,9.603971988689366
noise,1.0,0.0027281968211955165,10.178263368881481,0.9882582111800572,10.346616680802219,0.9909864080012527,9,1,0.027130921456522884,10.404962307103574
noise,1.0,0.0033030014966684007,9.829886527769547,0.9867096715758985,9.996930032166524,0.9900126730725669,9,2,0.023791495260855815,10.090645617280202
noise,2.0,0.004058188541210872,9.224869229072617,0.9856441463364357,9.558381742625896,0.9897023348776466,9,0,0.055041277305696114,9.603971988689366
noise,2.0,0.0037169979910137707,10.006914587587195,0.9872696593959025,10.346616680802219,0.9909866573869163,9,1,0.03681012557918321,10.404962307103574
noise,2.0,0.006094870502523886,9.592258375812204,0.9839167538695746,9.996930032166524,0.9900116243720984,9,2,0.03321874321978871,10.090645617280202
noise,3.0,0.00848220826124968,8.897415639857254,0.9812321037022089,9.558381742625896,0.9897143119634586,9,0,0.06455243351976384,9.603971988689366
noise,3.0,0.004705460190000732,9.833078134400099,0.9862812076868422,10.346616680802219,0.990986667876843,9,1,0.04648932970184346,10.404962307103574
noise,3.0,0.010712743554316062,9.279177402903485,0.9792977945840621,9.996930032166524,0.9900105381383781,9,2,0.04264599117872163,10.090645617280202
noise,5.0,0.023166913296324698,8.296683872806852,0.9665660556734259,9.558381742625896,0.9897329689697506,9,0,0.08357474594789926,9.603971988689366
noise,5.0,0.009291018652898053,9.552489452989724,0.9816949535165881,10.346616680802219,0.9909859721694861,9,1,0.06584773794716403,10.404962307103574
noise,5.0,0.023327384855486244,8.71194479618036,0.9666808682156954,9.996930032166524,0.9900082530711817,9,2,0.06150048709658742,10.090645617280202
noise,7.0,0.04166073219092559,7.892936946115128,0.9480838308980077,9.558381742625896,0.9897445630889333,9,0,0.10259705837603464,9.603971988689366
noise,7.0,0.021207940015799953,9.290465757811958,0.9697763808633822,10.346616680802219,0.9909843208791822,9,1,0.08520614619248466,10.404962307103574
noise,7.0,0.04032627406846878,8.288115401481729,0.9496795438025087,9.996930032166524,0.9900058178709775,9,2,0.08035498301445322,10.090645617280202
noise,10.0,0.07171442082167756,7.525421365121586,0.9180342905326999,9.558381742625896,0.9897487113543775,9,0,0.1311305270182377,9.603971988689366
noise,10.0,0.05307371940197003,9.034227974594252,0.9379063328237304,10.346616680802219,0.9909800522257004,9,1,0.11424375856046558,10.404962307103574
noise,10.0,0.07309384295445664,7.974417095766534,0.9169080406168255,9.996930032166524,0.9900018835712822,9,2,0.10863672689125206,10.090645617280202
noise,15.0,0.12918595146814482,7.121922582146234,0.8605343592264265,9.558381742625896,0.9897203106945713,9,0,0.1786863080885763,9.603971988689366
noise,15.0,0.14447399168579222,8.919147992520235,0.8464941682027031,10.346616680802219,0.9909681598884953,9,1,0.16263977917376704,10.404962307103574
noise,15.0,0.1592359747061758,7.895596385354941,0.8307586010339092,9.996930032166524,0.989994575740085,9,2,0.1557729666859166,10.090645617280202
noise,20.0,0.19529060147142685,6.8087324770795465,0.7943571655189052,9.558381742625896,0.9896477669903321,9,0,0.22624208915891486,9.603971988689366
noise,20.0,0.2882688351664031,8.932057153631838,0.7026814599914677,10.346616680802219,0.9909502951578708,9,1,0.2110357997870684,10.404962307103574
noise,20.0,0.2969304455357632,7.896144510097381,0.693055884041827,9.996930032166524,0.9899863295775903,9,2,0.202909206480581,10.090645617280202
